7434b287-b23c-4827-a885-88b24a185863|"{}"
966e1bd1-2ad7-4ae0-957c-dc2c4d9e3350|"{}"
ca901255-901c-4632-b95e-7c8c07584b81|"{}"
4b9af4cd-a63f-4b09-8776-0c2c815a1136|"{}"
9448008b-6869-415f-9623-ac070d22a349|"{}"
dbf4530e-b04b-4b66-895b-14113bb5d266|"{}"
9a364bb9-541b-4eaf-a990-3bc854299311|"{}"
5df3c42f-6ceb-40f1-9d60-00bcd8e6872e|"{}"
315fb7e2-7787-403c-a36e-9edae7089d95|"{}"
084b0863-47c4-4260-b23a-c1919afff12a|"{}"
200668c2-9b6a-4ea3-8d56-92ad5554e06b|"{}"
0f0481f0-2eea-4ede-9960-1f0ee12e035f|"{}"
b379c60d-4ff5-4491-9d01-770ac42a885c|"{}"
40cbb561-a6ec-45bb-85f1-2900c12bbcd6|"{}"
19a45065-b81c-4777-96c7-d2ae529c281d|"{}"
edb54944-c4f6-4d0d-8984-5999df05285f|"{}"
cccd6c4e-9777-4673-b386-12b85bf97378|"{}"
353c3bd0-5b29-4aca-93cf-da00ddc8f49d|"{}"
b4f14ca7-3a75-4c09-a66b-f68143a5763b|"{}"
1cdbdc5f-efdb-4d8c-8ce8-a25efb8bb75e|"{}"
19f51533-d8ad-44e9-818b-affee29e4a5f|"{}"
922639bb-81d1-4b48-85cf-2dbc9f6ccf8b|"{}"
dbf57159-e26f-4e37-8ceb-c4b7f04178e9|"{}"
cfa7ad87-3db4-4e27-afc2-412ce5f17026|"{}"
f47f1d35-c400-4675-b09c-2f3b2d4ef432|"{}"
92262e2b-fc97-475e-8299-d9599699a317|"{}"
fbf3be77-1385-4d59-b333-5310953d1716|"{}"
2413d390-4e9f-4d8e-983c-f116ce7353b3|"{}"
ef8fde09-9457-411b-adde-07e71b1f8f6a|"{}"
b65cb11c-b23e-438f-871d-ffaacec0e7bf|"{}"
aa1f2cc7-084e-41fd-90bb-3d508591238f|"{}"
d42913d1-ffa7-4d27-a30e-19fd0c3cdd4a|"{}"
9b34e345-80f9-4f11-af37-26d4113be8e9|"{}"
cd4aed0c-1d2e-4e05-9c27-f21dad8edb3e|"{}"
62f3f3cb-8d7f-41b6-9ddd-5f710e323637|"{}"
6bb52161-fd07-483b-8ec6-bdb34597e5c4|"{}"
430c47aa-7f23-448e-a152-436a847474df|"{}"
4875fe81-1c62-414a-833b-de4d4f750f3e|"{}"
8532a3a5-1e56-4ccb-9d97-08ca3c5e77e8|"{}"
74e8a0ba-edcb-4232-bb74-38063f3a701e|"{}"
648e137a-2cb8-470d-8614-c136ede06350|"{}"
937cf924-a354-4535-b61d-91864771f4f3|"{}"
422eb964-a5e0-4ee3-ad02-879ae02f0d73|"{}"
37850223-6a0e-4985-83ee-32a0f9bd26a8|"{}"
c7661b67-6045-4246-9b3f-c788887cfb9b|"{}"
1a025335-f381-418f-9489-d00f3a8337e2|"{}"
29a5289c-5967-480e-a1f6-d7a9f353ece0|"{}"
899da0ec-347b-4eda-84b8-b39be8fb9b85|"{}"
9d654fd9-7a08-4fa6-b780-ca6c5b16e76a|"{}"
db764ec2-70f2-47d3-bb6f-ad838ae546fe|"{}"
7045a35c-20b6-402c-bb75-b6404ce7c8a4|"{}"
42789e71-50a4-4105-bea5-96b4b9b94c6a|"{}"
29a41fc0-023e-496c-8e40-5cb50942012c|"{}"
7a7645f5-5b10-4879-ae35-f08ab4c6c8fc|"{}"
50d19235-eaa1-4b21-9881-270b8a17f53b|"{}"
558b312f-ef63-4a3f-9384-dc5246b8afb3|"{'01167024-2740-4953-9533-f3d1ea274b4e': 2}"
d7181a3f-af02-409d-bbdf-00bb874f2ced|"{}"
9996cb80-3965-45b4-9ab8-6c959aa48c28|"{}"
7ee920ea-21f9-4543-9ead-65b144b2ea75|"{}"
a7032b76-cb4e-4242-a793-281fe0bffd91|"{}"
1fdc8a11-2898-4bd4-aa8b-63b84fc1a5bf|"{}"
f7a5c449-f689-45fe-a7bd-0c5980046dc8|"{}"
be1e8da9-5d98-4144-9000-c04d144bdfea|"{}"
39be24d0-b03f-41d5-8ec6-b524540394dd|"{}"
feb87c34-41f6-4776-be0c-e7a9279b1fa1|"{}"
ec4c86f4-1e37-4247-a03f-b8ead6621a5f|"{}"
378d7797-e655-4faf-9b00-bc8ee2cdf729|"{}"
8bc72f03-1e38-48fb-a327-74cd67703917|"{}"
be3b7f40-bcf9-4220-a813-d7dd23423597|"{'df0c7b13-07a3-425e-b307-3d9db89c7bc7': 1}"
9306eb53-68b8-4ef7-b53f-6fc8e2f29e1b|"{}"
46a31561-26b6-468b-83eb-e57f04465466|"{}"
8a251b0e-ac6c-41fd-879b-48eda4036e95|"{}"
873cf24c-93a4-4f72-ae66-1bb91971b34b|"{}"
b7ef7dff-2810-4183-ada2-e6349b0a9a4f|"{}"
21bea448-4f89-4609-831e-36136edecb27|"{}"
c1d033d1-a78b-4e6b-bc90-81db58d80481|"{}"
e8712523-2900-4e9e-90e2-296888bdae0a|"{}"
f90a482b-8dff-47ff-9fae-6b5f5e8f7b72|"{}"
119b06b6-eb13-40e6-bd98-da08fea3b3c5|"{}"
acd4db1c-ef6b-47c3-ae71-41997807000d|"{}"
48a15c3e-9aab-4da8-875c-ff814b4fcac5|"{}"
4ad8a20d-bbc0-4546-8123-b3481dc7f2d8|"{}"
0fc43710-3fbf-46e8-8a92-d37f97bf6298|"{}"
a1b11cb8-d934-4bfe-8ef5-9967c35aab75|"{}"
8aa84f40-356f-4ed4-b692-f1578e4b66ce|"{}"
13736a99-d260-491c-8a84-b57ff85a9ad4|"{}"
0fe18fbd-1de2-46ed-80bd-d24dbf233590|"{}"
2c99e684-7d1f-450e-9bfe-fff41dfa0c70|"{}"
410f452b-d095-4efe-b142-e0bc5a3f21c7|"{}"
06788683-5a1d-467f-96de-dc4e70bdbe70|"{}"
3ad53189-f52c-4392-a1b2-c554d7a605c4|"{}"
b7f8aa91-0a03-47d5-a2a9-062c492ec180|"{}"
05c918cc-f1e2-4ac8-89f8-7c6abf4c61f6|"{}"
0c26d4e3-fcd7-4f25-bf14-2e6f4263e24a|"{}"
172f3d30-2105-48f0-9350-bceccba9f34c|"{}"
b7aac3b8-d933-467c-a888-5234e62db0b7|"{}"
9a871988-a569-4d82-be75-d7c57c3757c4|"{}"
06ee5879-9359-439d-86e2-dd18496532ce|"{}"
53b4795a-44ef-4506-9420-db88500094c7|"{}"
380811b8-dc19-4317-ad26-315a8be0b024|"{}"
