c368c22b-9969-41ac-b432-2936556999b4|7434b287-b23c-4827-a885-88b24a185863|be3b7f40-bcf9-4220-a813-d7dd23423597|05/30/2015|09:18:16|16.38996052064493|None
e186a77b-2bc5-46ff-979e-7836b21d3ea5|ca901255-901c-4632-b95e-7c8c07584b81|edb54944-c4f6-4d0d-8984-5999df05285f|12/13/2016|07:18:38|4.4818830823036375|None
2437b111-e5bd-48bb-a82a-7410a1d89bbf|ca901255-901c-4632-b95e-7c8c07584b81|edb54944-c4f6-4d0d-8984-5999df05285f|11/18/2017|07:59:04|0.010035745576975206|None
840b3dc9-bfae-47c4-8f27-e4dee8accc8b|ca901255-901c-4632-b95e-7c8c07584b81|edb54944-c4f6-4d0d-8984-5999df05285f|03/19/2015|04:57:20|20.62803154527527|None
b9a43d1d-957c-49f2-af80-a803be155d91|dbf4530e-b04b-4b66-895b-14113bb5d266|29a5289c-5967-480e-a1f6-d7a9f353ece0|09/30/2017|02:10:28|0.9604513794233825|None
e925c6a6-0d56-41ef-b85d-f1a27fa69930|dbf4530e-b04b-4b66-895b-14113bb5d266|e550673a-7f31-4344-95d4-b1602d147c14|06/25/2017|06:48:48|3.919693062028029|None
283e34ce-f40f-4768-af25-2a14dcf461db|dbf4530e-b04b-4b66-895b-14113bb5d266|e550673a-7f31-4344-95d4-b1602d147c14|02/28/2016|09:08:03|3.603037618198905|None
082b9a71-8a49-462b-ad30-cb6ef78eaefe|9a364bb9-541b-4eaf-a990-3bc854299311|19f51533-d8ad-44e9-818b-affee29e4a5f|12/28/2016|04:11:41|9.735994054730446|None
dc7e41b0-807c-41c6-b4cf-0092ee4053cb|9a364bb9-541b-4eaf-a990-3bc854299311|19f51533-d8ad-44e9-818b-affee29e4a5f|09/20/2015|09:29:49|0.07719809069254013|None
b389470f-050b-402d-acb6-c3e19e51aab9|9a364bb9-541b-4eaf-a990-3bc854299311|e550673a-7f31-4344-95d4-b1602d147c14|06/28/2017|07:10:58|0.5004034875180412|None
d65f039b-a606-4d15-822a-c536935a14b3|9a364bb9-541b-4eaf-a990-3bc854299311|e550673a-7f31-4344-95d4-b1602d147c14|02/21/2015|12:51:19|16.89570083565975|None
410f6446-f4a8-4d77-a184-e1af830e6eb1|9a364bb9-541b-4eaf-a990-3bc854299311|e550673a-7f31-4344-95d4-b1602d147c14|04/16/2015|10:19:46|9.137362025298259|None
7b938430-568c-4d3f-b4ae-a49303343e88|9a364bb9-541b-4eaf-a990-3bc854299311|e550673a-7f31-4344-95d4-b1602d147c14|05/07/2016|03:47:23|10.712669513750736|None
be2fae0e-720c-4675-89f5-90cca187c5d1|9a364bb9-541b-4eaf-a990-3bc854299311|e550673a-7f31-4344-95d4-b1602d147c14|11/29/2015|13:27:09|6.9576724445571045|None
b1ecbe0d-892e-4981-a324-c095deae311e|5df3c42f-6ceb-40f1-9d60-00bcd8e6872e|d42913d1-ffa7-4d27-a30e-19fd0c3cdd4a|07/09/2017|05:41:32|5.786121200010276|None
56389d84-5a2c-45e1-b98c-dd791738fd19|5df3c42f-6ceb-40f1-9d60-00bcd8e6872e|d42913d1-ffa7-4d27-a30e-19fd0c3cdd4a|11/01/2015|03:52:08|7.351108711022115|None
95e0208b-5d86-4793-bca9-6805839a4f3f|5df3c42f-6ceb-40f1-9d60-00bcd8e6872e|d42913d1-ffa7-4d27-a30e-19fd0c3cdd4a|12/20/2015|00:03:29|13.143899437848138|None
fc805bb1-927e-4fa3-8fde-1bb7e174bf44|5df3c42f-6ceb-40f1-9d60-00bcd8e6872e|d42913d1-ffa7-4d27-a30e-19fd0c3cdd4a|10/07/2015|23:04:44|0.7012941912192077|None
50bf368f-4da4-44b2-84c0-f5712c91f488|5df3c42f-6ceb-40f1-9d60-00bcd8e6872e|d42913d1-ffa7-4d27-a30e-19fd0c3cdd4a|07/10/2016|22:56:39|20.10966107058515|None
2e087d5b-4093-468a-bd52-94bd58476235|5df3c42f-6ceb-40f1-9d60-00bcd8e6872e|d42913d1-ffa7-4d27-a30e-19fd0c3cdd4a|12/23/2017|09:26:36|2.890878842727674|None
15e35c02-1209-4d64-acce-30718a3e151f|5df3c42f-6ceb-40f1-9d60-00bcd8e6872e|d42913d1-ffa7-4d27-a30e-19fd0c3cdd4a|12/27/2017|21:54:46|0.7264033292145289|None
e7d4de81-573b-4a83-8705-bdd7b91cbeff|5df3c42f-6ceb-40f1-9d60-00bcd8e6872e|d42913d1-ffa7-4d27-a30e-19fd0c3cdd4a|05/18/2015|18:59:31|5.940244304921709|None
10cd1b47-f96f-4c23-99a4-4f928343b939|5df3c42f-6ceb-40f1-9d60-00bcd8e6872e|d42913d1-ffa7-4d27-a30e-19fd0c3cdd4a|08/30/2017|17:45:46|19.845779610493903|None
34c606ac-b66b-48b6-a588-72733d02d809|315fb7e2-7787-403c-a36e-9edae7089d95|e550673a-7f31-4344-95d4-b1602d147c14|09/05/2015|05:29:53|14.903561029361967|None
aa1b5da9-ff35-4fb6-9d41-133cfee1ecda|0f0481f0-2eea-4ede-9960-1f0ee12e035f|e550673a-7f31-4344-95d4-b1602d147c14|04/08/2016|11:51:13|11.181073437071262|None
668ba7f7-1b22-478f-8cf8-2f5dc4534da4|0f0481f0-2eea-4ede-9960-1f0ee12e035f|e550673a-7f31-4344-95d4-b1602d147c14|06/06/2017|15:25:52|3.5384591178792144|None
068a59c5-74c1-4abf-a7a9-7e2f3c4a7a60|0f0481f0-2eea-4ede-9960-1f0ee12e035f|e550673a-7f31-4344-95d4-b1602d147c14|11/01/2015|14:40:48|7.006668689907054|None
0e138acd-823a-4e14-996e-7c83f197f2ce|0f0481f0-2eea-4ede-9960-1f0ee12e035f|e550673a-7f31-4344-95d4-b1602d147c14|09/13/2016|14:21:25|33.093542693489354|None
7b0aff0f-652d-45bb-9fa0-4d3dee7b6de9|b379c60d-4ff5-4491-9d01-770ac42a885c|f90a482b-8dff-47ff-9fae-6b5f5e8f7b72|01/29/2017|08:37:47|11.066813306131575|None
fe357d10-acd1-43d8-ad4b-3c72d97126b7|b379c60d-4ff5-4491-9d01-770ac42a885c|f90a482b-8dff-47ff-9fae-6b5f5e8f7b72|04/29/2015|21:05:29|5.4611021866165546|None
3903cc24-b075-4a99-ba14-95961106add1|b379c60d-4ff5-4491-9d01-770ac42a885c|f90a482b-8dff-47ff-9fae-6b5f5e8f7b72|03/25/2017|21:09:24|7.411778890485414|MUR
ad362ef4-45f8-41f8-9c71-04c1d5ee026a|edb54944-c4f6-4d0d-8984-5999df05285f|e550673a-7f31-4344-95d4-b1602d147c14|12/11/2017|09:03:44|14.754897892770089|None
14db04c0-24a9-4dee-a552-0df93fe361f6|edb54944-c4f6-4d0d-8984-5999df05285f|e550673a-7f31-4344-95d4-b1602d147c14|10/01/2015|18:41:53|50.51905130693279|None
1b23a355-f26a-4fa3-96af-42acc6456fce|edb54944-c4f6-4d0d-8984-5999df05285f|e550673a-7f31-4344-95d4-b1602d147c14|05/26/2015|17:18:00|2.8027451854087646|None
224b234a-1e80-4b23-972d-4e90cfebabd4|b4f14ca7-3a75-4c09-a66b-f68143a5763b|19f51533-d8ad-44e9-818b-affee29e4a5f|12/26/2016|19:43:44|25.1000176450794|None
c599b12e-4807-4fd4-a91b-739475ab554f|b4f14ca7-3a75-4c09-a66b-f68143a5763b|e550673a-7f31-4344-95d4-b1602d147c14|10/21/2016|17:24:07|15.094422664493193|None
1d7924fd-ee65-41f8-99fc-ad8cc4e1b9b4|b4f14ca7-3a75-4c09-a66b-f68143a5763b|e550673a-7f31-4344-95d4-b1602d147c14|06/02/2016|05:00:47|0.2774653554876194|None
f8f72104-904a-4769-81cb-aa1b43b41db5|19f51533-d8ad-44e9-818b-affee29e4a5f|cfa7ad87-3db4-4e27-afc2-412ce5f17026|12/30/2016|10:17:50|0.8389180332638051|None
a50f76ca-8a03-45f7-9aed-149e19b62543|19f51533-d8ad-44e9-818b-affee29e4a5f|cfa7ad87-3db4-4e27-afc2-412ce5f17026|06/28/2016|07:27:15|18.656889553924273|None
c687978f-36cf-48b6-a9c3-25818bf47a51|19f51533-d8ad-44e9-818b-affee29e4a5f|cfa7ad87-3db4-4e27-afc2-412ce5f17026|07/07/2017|16:32:13|9.505349697706038|None
af5a8de0-f733-4c1f-b416-0fbde87ce125|19f51533-d8ad-44e9-818b-affee29e4a5f|cfa7ad87-3db4-4e27-afc2-412ce5f17026|12/03/2016|16:40:27|1.6412627692025425|None
7c5bc4af-a1a9-4d60-8164-4d613dd8f329|19f51533-d8ad-44e9-818b-affee29e4a5f|cfa7ad87-3db4-4e27-afc2-412ce5f17026|02/06/2016|20:10:54|7.06282819644322|None
2f7f3109-e40f-4352-9658-06f3a8f08fbc|19f51533-d8ad-44e9-818b-affee29e4a5f|cfa7ad87-3db4-4e27-afc2-412ce5f17026|09/05/2015|17:39:10|29.722792521412885|None
20cfbbfa-672b-4d0c-81b1-363fd9243aa7|19f51533-d8ad-44e9-818b-affee29e4a5f|cfa7ad87-3db4-4e27-afc2-412ce5f17026|04/03/2017|10:53:29|0.8103227932823304|None
d5d8b95d-0195-4b79-84e1-3624722904ec|19f51533-d8ad-44e9-818b-affee29e4a5f|cfa7ad87-3db4-4e27-afc2-412ce5f17026|08/28/2017|19:25:15|3.4401610275654626|None
9ba53b96-542f-42d6-8604-55950585e4c8|19f51533-d8ad-44e9-818b-affee29e4a5f|cfa7ad87-3db4-4e27-afc2-412ce5f17026|11/27/2015|21:42:47|9.398453099715455|UAH
55be747a-8a57-40c5-806a-6eb8576633b0|19f51533-d8ad-44e9-818b-affee29e4a5f|cfa7ad87-3db4-4e27-afc2-412ce5f17026|03/11/2016|23:52:06|10.904420487489062|None
0f0caf88-5491-4c83-a9c4-ec99615deddc|19f51533-d8ad-44e9-818b-affee29e4a5f|cfa7ad87-3db4-4e27-afc2-412ce5f17026|06/26/2017|18:27:52|1.6441803796477337|None
cc66feb2-d562-40be-8697-69a94bdc7f8d|19f51533-d8ad-44e9-818b-affee29e4a5f|cfa7ad87-3db4-4e27-afc2-412ce5f17026|02/19/2017|02:53:42|5.72220757230993|None
4c670f61-bec6-48db-b45c-14d7a3638366|19f51533-d8ad-44e9-818b-affee29e4a5f|cfa7ad87-3db4-4e27-afc2-412ce5f17026|06/05/2015|13:52:32|28.037999220034845|None
9e21d1c9-e968-41fa-8535-9398d6e30e2d|922639bb-81d1-4b48-85cf-2dbc9f6ccf8b|e550673a-7f31-4344-95d4-b1602d147c14|11/28/2017|13:49:41|19.40948527636644|None
f1d2853d-43f9-4d14-9fce-a0985550431a|922639bb-81d1-4b48-85cf-2dbc9f6ccf8b|e550673a-7f31-4344-95d4-b1602d147c14|06/18/2016|08:41:21|23.02737839824634|None
1a13292a-4abf-43e9-9473-685bc0257382|922639bb-81d1-4b48-85cf-2dbc9f6ccf8b|e550673a-7f31-4344-95d4-b1602d147c14|06/17/2017|23:46:09|6.629310431347898|None
b512f108-ce74-4fe9-a848-cb66c2ae49d6|922639bb-81d1-4b48-85cf-2dbc9f6ccf8b|e550673a-7f31-4344-95d4-b1602d147c14|01/03/2017|17:40:28|3.7259543360041407|None
b2314336-f22c-43c6-8f16-fecfe6f1f2f4|922639bb-81d1-4b48-85cf-2dbc9f6ccf8b|e550673a-7f31-4344-95d4-b1602d147c14|11/17/2015|10:28:16|13.456005407839191|None
b55b424b-e89a-4a44-aa5c-c003c0cdd229|922639bb-81d1-4b48-85cf-2dbc9f6ccf8b|e550673a-7f31-4344-95d4-b1602d147c14|11/12/2016|04:03:25|10.220341657902765|None
a7b11603-42a6-432e-b9dc-936ac3d40fc2|922639bb-81d1-4b48-85cf-2dbc9f6ccf8b|e550673a-7f31-4344-95d4-b1602d147c14|11/23/2016|08:32:10|0.8126893667662054|TTD
8dbaf13c-2fa6-4a47-a0c2-408d38e0cbd3|dbf57159-e26f-4e37-8ceb-c4b7f04178e9|7a7645f5-5b10-4879-ae35-f08ab4c6c8fc|10/19/2015|15:54:18|22.361558696047354|None
3c2d0e59-306d-4c5a-9c47-6aa9783a9e95|92262e2b-fc97-475e-8299-d9599699a317|e550673a-7f31-4344-95d4-b1602d147c14|04/23/2015|17:43:10|10.510391824846257|None
68b75b96-38d4-46d9-bcbe-a1c04cf37807|92262e2b-fc97-475e-8299-d9599699a317|e550673a-7f31-4344-95d4-b1602d147c14|06/15/2015|02:17:39|10.848127736642875|None
aee48ef9-1ca0-4fbd-b816-8111288abb24|92262e2b-fc97-475e-8299-d9599699a317|e550673a-7f31-4344-95d4-b1602d147c14|09/18/2017|06:49:55|23.93976251570653|None
3bd574d3-65ac-4158-a18a-05cd8c24c8e0|92262e2b-fc97-475e-8299-d9599699a317|e550673a-7f31-4344-95d4-b1602d147c14|08/06/2015|23:14:14|11.436674970154248|None
771613b2-741d-4400-b304-73b3a5bdfc1d|92262e2b-fc97-475e-8299-d9599699a317|e550673a-7f31-4344-95d4-b1602d147c14|02/16/2017|04:57:59|14.632206327526465|RUB
e1eea5c4-c48d-4c6d-8130-ea745ce16c31|92262e2b-fc97-475e-8299-d9599699a317|e550673a-7f31-4344-95d4-b1602d147c14|09/09/2017|18:46:20|8.424667743233588|None
d4cf5f1d-6d93-4207-ba0a-c769ed7ef797|92262e2b-fc97-475e-8299-d9599699a317|e550673a-7f31-4344-95d4-b1602d147c14|02/17/2017|06:09:32|1.841425433974453|SVC
13241821-4198-4194-a7c6-927a804b0b0d|ef8fde09-9457-411b-adde-07e71b1f8f6a|8bc72f03-1e38-48fb-a327-74cd67703917|06/04/2017|00:59:34|0.4973685217850291|BHD
9e10eee1-9875-4c2a-96a2-6d3cc98fb2f8|ef8fde09-9457-411b-adde-07e71b1f8f6a|8bc72f03-1e38-48fb-a327-74cd67703917|11/06/2016|22:16:06|33.733295567017045|None
bfb8bea6-b34b-43fa-9ae9-3e272408fbc4|ef8fde09-9457-411b-adde-07e71b1f8f6a|8bc72f03-1e38-48fb-a327-74cd67703917|11/23/2016|16:58:36|11.419924955554755|None
3dd8c1bc-7907-47ec-b941-a85fa80a5e4e|ef8fde09-9457-411b-adde-07e71b1f8f6a|8bc72f03-1e38-48fb-a327-74cd67703917|06/17/2015|17:30:26|2.07332735793383|None
be1e0f35-fff6-43f2-b4e0-96f933adaf1a|ef8fde09-9457-411b-adde-07e71b1f8f6a|8bc72f03-1e38-48fb-a327-74cd67703917|09/26/2017|23:21:21|15.99505861873962|None
fa2de675-bc83-464c-afb1-feb4f846a890|ef8fde09-9457-411b-adde-07e71b1f8f6a|8bc72f03-1e38-48fb-a327-74cd67703917|05/07/2017|06:37:17|31.546933320445447|None
f13ee8f5-5435-485b-a515-a40e4e03352a|ef8fde09-9457-411b-adde-07e71b1f8f6a|8bc72f03-1e38-48fb-a327-74cd67703917|01/28/2016|05:57:53|1.365505707749396|None
f70cd7db-aaf4-4e36-9219-2d765701afff|ef8fde09-9457-411b-adde-07e71b1f8f6a|8bc72f03-1e38-48fb-a327-74cd67703917|01/11/2017|20:14:55|10.709257718885754|None
3884daa1-5591-4c2c-ac54-9ce83fba86a9|ef8fde09-9457-411b-adde-07e71b1f8f6a|8bc72f03-1e38-48fb-a327-74cd67703917|05/20/2016|22:58:38|0.7351478033631943|None
32a34dbd-d070-4292-8f87-a1d079011a8e|ef8fde09-9457-411b-adde-07e71b1f8f6a|8bc72f03-1e38-48fb-a327-74cd67703917|06/29/2015|21:27:04|5.716768423704339|None
c8db9f46-04c4-4285-ab23-6c116959b36e|aa1f2cc7-084e-41fd-90bb-3d508591238f|648e137a-2cb8-470d-8614-c136ede06350|03/03/2017|20:15:53|19.398716451787877|None
0322a591-381e-49be-af73-2ebdfa560583|aa1f2cc7-084e-41fd-90bb-3d508591238f|648e137a-2cb8-470d-8614-c136ede06350|10/21/2016|21:09:11|31.986594513014825|CHF
a41b8618-e90a-4d58-a61a-e1bbd4ca68db|cd4aed0c-1d2e-4e05-9c27-f21dad8edb3e|f47f1d35-c400-4675-b09c-2f3b2d4ef432|09/18/2015|09:02:17|12.689902233988722|None
be6c1294-ee4a-48ed-bed2-61edf2a95e68|cd4aed0c-1d2e-4e05-9c27-f21dad8edb3e|f47f1d35-c400-4675-b09c-2f3b2d4ef432|10/24/2015|23:14:40|1.7739195089312019|None
f0c73f9f-3cb2-4b71-9214-84f9667940e9|cd4aed0c-1d2e-4e05-9c27-f21dad8edb3e|f47f1d35-c400-4675-b09c-2f3b2d4ef432|10/21/2017|12:04:14|20.701552519513466|None
a894c057-3c12-4f08-b493-e904747fff46|cd4aed0c-1d2e-4e05-9c27-f21dad8edb3e|f47f1d35-c400-4675-b09c-2f3b2d4ef432|02/07/2015|11:13:28|0.4861191730317769|None
28608e91-4250-4551-9cd1-a669c557c9e9|430c47aa-7f23-448e-a152-436a847474df|e550673a-7f31-4344-95d4-b1602d147c14|03/23/2016|21:50:57|12.857752264484258|None
77a9abc1-81b2-45b9-b231-b3791048db1e|4875fe81-1c62-414a-833b-de4d4f750f3e|e550673a-7f31-4344-95d4-b1602d147c14|02/25/2017|03:39:42|16.79441194705327|None
e917341f-73f0-41b2-894d-871ceb2d74ac|4875fe81-1c62-414a-833b-de4d4f750f3e|e550673a-7f31-4344-95d4-b1602d147c14|02/20/2017|01:40:59|3.5478889109981813|None
002b069c-2128-4ef5-ba90-d3eb241f4df2|8532a3a5-1e56-4ccb-9d97-08ca3c5e77e8|c7661b67-6045-4246-9b3f-c788887cfb9b|01/18/2017|09:39:52|2.74609756399002|None
d0b493ae-e162-4cf5-86cc-e1dac6f34151|8532a3a5-1e56-4ccb-9d97-08ca3c5e77e8|c7661b67-6045-4246-9b3f-c788887cfb9b|03/29/2016|16:12:34|7.62009362872757|None
e153ec7f-eece-4cad-a0de-488e712cc2a8|8532a3a5-1e56-4ccb-9d97-08ca3c5e77e8|9a871988-a569-4d82-be75-d7c57c3757c4|07/05/2017|09:02:32|22.255629697942165|GIP
c1d7756f-9345-4043-ab5b-0db95eccc6b7|8532a3a5-1e56-4ccb-9d97-08ca3c5e77e8|9a871988-a569-4d82-be75-d7c57c3757c4|11/15/2016|08:39:13|2.3594551289783032|None
99a50c20-4a2b-4891-8e72-b8ff48c71693|8532a3a5-1e56-4ccb-9d97-08ca3c5e77e8|9a871988-a569-4d82-be75-d7c57c3757c4|08/23/2017|02:03:36|5.016093759185074|None
1c371d8c-5ba2-4e03-a2ea-913ed30613d7|74e8a0ba-edcb-4232-bb74-38063f3a701e|e550673a-7f31-4344-95d4-b1602d147c14|10/26/2015|09:56:39|16.157380388582858|None
6b4121bd-2a0c-4a6b-98fb-0f7e60739845|422eb964-a5e0-4ee3-ad02-879ae02f0d73|0fe18fbd-1de2-46ed-80bd-d24dbf233590|07/09/2015|00:44:09|24.242989031683845|None
f9f96e0d-d055-4aa5-94ec-8d1da6dbd8b6|422eb964-a5e0-4ee3-ad02-879ae02f0d73|0fe18fbd-1de2-46ed-80bd-d24dbf233590|06/06/2015|20:16:55|7.410285449311461|None
f6383bd3-d660-4bd0-aa73-b911fe30d980|422eb964-a5e0-4ee3-ad02-879ae02f0d73|0fe18fbd-1de2-46ed-80bd-d24dbf233590|06/24/2015|17:17:43|4.903440593534238|None
c6476398-a5e5-49e5-8414-d6e567b294b1|422eb964-a5e0-4ee3-ad02-879ae02f0d73|0fe18fbd-1de2-46ed-80bd-d24dbf233590|08/08/2016|04:04:00|25.22512834781187|XBD
102202ee-bf8c-4a5b-bfff-1c17a31f6a1c|422eb964-a5e0-4ee3-ad02-879ae02f0d73|0fe18fbd-1de2-46ed-80bd-d24dbf233590|08/15/2017|09:07:25|1.5918038789250364|None
bbf4f2fe-fb13-422c-8454-ece4cc4d4508|37850223-6a0e-4985-83ee-32a0f9bd26a8|b7aac3b8-d933-467c-a888-5234e62db0b7|08/24/2016|23:58:45|0.9896001682861408|None
890b6030-4576-4222-bd36-78cd49f9a591|37850223-6a0e-4985-83ee-32a0f9bd26a8|b7aac3b8-d933-467c-a888-5234e62db0b7|04/09/2016|07:45:13|1.5996343303126181|None
cd8ec153-4cb2-48a3-88a5-1422e72312ba|c7661b67-6045-4246-9b3f-c788887cfb9b|0fc43710-3fbf-46e8-8a92-d37f97bf6298|04/04/2015|22:11:27|0.3122681468406967|None
c62bab74-32d8-4b47-987d-9138df068b32|899da0ec-347b-4eda-84b8-b39be8fb9b85|29a5289c-5967-480e-a1f6-d7a9f353ece0|08/05/2017|20:08:49|1.4450570104847105|None
325ba335-810e-4d10-8843-f7bb44958457|899da0ec-347b-4eda-84b8-b39be8fb9b85|29a5289c-5967-480e-a1f6-d7a9f353ece0|10/17/2017|18:07:08|6.512257706419462|None
45398dbc-f575-4b2b-9212-fd04408ffcdd|899da0ec-347b-4eda-84b8-b39be8fb9b85|29a5289c-5967-480e-a1f6-d7a9f353ece0|07/17/2015|05:35:37|45.33291776498248|None
ad80cb4f-8e88-40f4-bfb9-e8074005ab5c|899da0ec-347b-4eda-84b8-b39be8fb9b85|29a5289c-5967-480e-a1f6-d7a9f353ece0|12/10/2017|07:51:23|11.65892084324086|MKD
6b729d6b-ab82-4fd5-8ff6-639a2c475b50|9d654fd9-7a08-4fa6-b780-ca6c5b16e76a|e8712523-2900-4e9e-90e2-296888bdae0a|07/14/2015|11:33:27|42.86090957950782|None
3b53fe5e-09fb-4554-816e-fb9f0e2ba3a9|42789e71-50a4-4105-bea5-96b4b9b94c6a|06ee5879-9359-439d-86e2-dd18496532ce|05/25/2017|10:41:50|25.187040274296542|None
628e1e32-ca42-47c1-9ccd-ed17fe51bf7c|42789e71-50a4-4105-bea5-96b4b9b94c6a|06ee5879-9359-439d-86e2-dd18496532ce|05/31/2016|21:28:54|11.482061662567855|None
cb0b4851-7048-4f7b-b79c-7a1ef28c7ae3|42789e71-50a4-4105-bea5-96b4b9b94c6a|06ee5879-9359-439d-86e2-dd18496532ce|05/03/2016|00:52:38|0.7866275457216808|None
c65bd6bb-f115-4d19-81ed-e0ba983c0b89|29a41fc0-023e-496c-8e40-5cb50942012c|53b4795a-44ef-4506-9420-db88500094c7|05/07/2016|05:23:27|1.244570699424684|None
12cd3754-8bce-47b6-906f-d70299a94693|29a41fc0-023e-496c-8e40-5cb50942012c|53b4795a-44ef-4506-9420-db88500094c7|01/08/2015|13:37:58|12.38092493239471|None
64b3db7a-d02d-41bb-9df6-fe9578faf968|29a41fc0-023e-496c-8e40-5cb50942012c|53b4795a-44ef-4506-9420-db88500094c7|01/22/2017|05:38:35|2.2783390539895763|None
ad21ea6b-c84e-4f25-a1e8-ce29b17fe8b8|29a41fc0-023e-496c-8e40-5cb50942012c|53b4795a-44ef-4506-9420-db88500094c7|08/15/2015|01:07:39|1.7592215525368933|None
803dc7a8-13e2-417d-bf34-69a4e10a63c0|29a41fc0-023e-496c-8e40-5cb50942012c|53b4795a-44ef-4506-9420-db88500094c7|01/23/2015|00:22:31|6.114497397287897|None
8a500ee6-1cc8-4c9b-bba3-169a70eddf0a|29a41fc0-023e-496c-8e40-5cb50942012c|53b4795a-44ef-4506-9420-db88500094c7|11/30/2017|04:18:48|1.6232239947448135|None
f93e7b6f-ce4e-42bc-82a5-263d3a267313|29a41fc0-023e-496c-8e40-5cb50942012c|53b4795a-44ef-4506-9420-db88500094c7|04/12/2017|03:53:43|17.27912326820205|None
3ab4350a-8c0b-49c7-96f4-f38ff7b7c81e|29a41fc0-023e-496c-8e40-5cb50942012c|53b4795a-44ef-4506-9420-db88500094c7|12/13/2015|06:32:19|2.281767897648201|MNT
bb252a75-772c-4721-96fe-04835c38359b|29a41fc0-023e-496c-8e40-5cb50942012c|53b4795a-44ef-4506-9420-db88500094c7|07/12/2017|15:46:15|2.118323638186329|None
fcced1a9-f55a-4495-95a1-d56367d5cbc5|29a41fc0-023e-496c-8e40-5cb50942012c|53b4795a-44ef-4506-9420-db88500094c7|08/19/2016|15:45:28|6.444156441927044|SVC
d8cbc7ec-4f82-4a3b-b65e-7529fc4b8807|29a41fc0-023e-496c-8e40-5cb50942012c|53b4795a-44ef-4506-9420-db88500094c7|06/28/2017|19:41:42|3.3305147843461773|None
b68d6215-93d9-4ea4-980a-657c17ccc6a7|29a41fc0-023e-496c-8e40-5cb50942012c|53b4795a-44ef-4506-9420-db88500094c7|12/15/2016|19:40:53|7.452253721659555|None
1c72645a-8edd-4068-abdc-548c9b13433c|29a41fc0-023e-496c-8e40-5cb50942012c|53b4795a-44ef-4506-9420-db88500094c7|07/27/2017|14:30:22|11.229829277086525|None
da2272f3-2160-4e21-b465-15375834e7f9|29a41fc0-023e-496c-8e40-5cb50942012c|53b4795a-44ef-4506-9420-db88500094c7|01/05/2015|22:30:57|6.376597261411612|HTG
44329bea-87e8-4fd3-8f3b-1df1a3553eef|29a41fc0-023e-496c-8e40-5cb50942012c|53b4795a-44ef-4506-9420-db88500094c7|08/05/2015|04:42:34|5.5242346092895644|None
daf350f7-06e1-4541-949c-5868d06a1a1d|29a41fc0-023e-496c-8e40-5cb50942012c|53b4795a-44ef-4506-9420-db88500094c7|08/16/2015|18:33:58|1.3218964658207835|None
d0c60cfe-358e-406d-97d6-55ac97a6cf4b|29a41fc0-023e-496c-8e40-5cb50942012c|e550673a-7f31-4344-95d4-b1602d147c14|08/25/2015|01:18:19|19.895512871094628|None
a6409e41-c504-4d64-b17a-9053728aad8e|7a7645f5-5b10-4879-ae35-f08ab4c6c8fc|e550673a-7f31-4344-95d4-b1602d147c14|05/18/2016|07:05:26|4.1527789446493895|None
c079e818-0f97-4a46-9d22-5335ca45173d|7a7645f5-5b10-4879-ae35-f08ab4c6c8fc|e550673a-7f31-4344-95d4-b1602d147c14|11/04/2015|01:20:34|2.4403651399456847|None
a9a42d79-904b-4ca4-a9db-19731b291683|7a7645f5-5b10-4879-ae35-f08ab4c6c8fc|e550673a-7f31-4344-95d4-b1602d147c14|11/22/2016|23:34:27|1.775707175409384|None
0a5e663b-0539-41aa-b9c2-7b1965894510|7a7645f5-5b10-4879-ae35-f08ab4c6c8fc|e550673a-7f31-4344-95d4-b1602d147c14|05/07/2016|10:35:48|0.28597686896330526|None
6bd9b8b1-a1b3-4fc9-ae96-5ef1e372a0a5|7a7645f5-5b10-4879-ae35-f08ab4c6c8fc|e550673a-7f31-4344-95d4-b1602d147c14|03/24/2016|20:31:28|28.35477687800479|None
cf76c8ab-5fd0-4cbf-82a3-bedee1bf0fc4|7a7645f5-5b10-4879-ae35-f08ab4c6c8fc|e550673a-7f31-4344-95d4-b1602d147c14|09/11/2017|04:14:10|7.74718699289414|None
b911016c-5421-49dd-9add-88dc2697f7a5|7a7645f5-5b10-4879-ae35-f08ab4c6c8fc|e550673a-7f31-4344-95d4-b1602d147c14|09/21/2015|05:29:30|0.8226836158521623|None
4bc26774-523a-4fcc-a145-5b13ac9e445a|50d19235-eaa1-4b21-9881-270b8a17f53b|be3b7f40-bcf9-4220-a813-d7dd23423597|02/13/2017|21:17:20|3.4364074539306184|None
afdee0b0-bd31-4444-982b-8c179f562151|50d19235-eaa1-4b21-9881-270b8a17f53b|be3b7f40-bcf9-4220-a813-d7dd23423597|05/18/2016|08:39:31|14.541834703546563|None
39c2cd7e-e637-4ba3-bc42-742c79e12317|50d19235-eaa1-4b21-9881-270b8a17f53b|be3b7f40-bcf9-4220-a813-d7dd23423597|08/10/2016|20:07:18|5.232792512284376|None
815e59f0-da59-45fb-8cca-86b1660a5861|558b312f-ef63-4a3f-9384-dc5246b8afb3|01167024-2740-4953-9533-f3d1ea274b4e|04/15/2016|08:34:57|2.32030317674017|None
05972335-76c4-470e-9c91-0bc6150589eb|558b312f-ef63-4a3f-9384-dc5246b8afb3|01167024-2740-4953-9533-f3d1ea274b4e|01/16/2015|08:11:13|2.170295984109219|None
6367a162-f8fb-44ca-919a-9dd483c5840c|558b312f-ef63-4a3f-9384-dc5246b8afb3|e550673a-7f31-4344-95d4-b1602d147c14|09/19/2017|02:37:03|3.2467724063386765|None
a8806f0c-822a-4fd4-bdc6-11d27e74bb80|d7181a3f-af02-409d-bbdf-00bb874f2ced|db764ec2-70f2-47d3-bb6f-ad838ae546fe|09/04/2017|09:29:20|6.331123337925543|None
9c77730d-c25d-4736-9ad3-451e1c1dcbaa|d7181a3f-af02-409d-bbdf-00bb874f2ced|db764ec2-70f2-47d3-bb6f-ad838ae546fe|08/15/2016|04:54:07|12.278636031601192|None
1a455f3a-0ff4-4ce1-a6e6-be943e968aa9|d7181a3f-af02-409d-bbdf-00bb874f2ced|db764ec2-70f2-47d3-bb6f-ad838ae546fe|04/12/2015|09:53:25|20.88025242516467|None
83e96d10-5af6-420e-9afa-20b4fa0d3261|d7181a3f-af02-409d-bbdf-00bb874f2ced|db764ec2-70f2-47d3-bb6f-ad838ae546fe|06/03/2016|01:19:32|4.155512222985564|VND
0aa0f088-2478-4e2f-bb97-bb31984d53f0|d7181a3f-af02-409d-bbdf-00bb874f2ced|db764ec2-70f2-47d3-bb6f-ad838ae546fe|05/21/2016|08:43:49|12.61166074015189|None
a3b1539c-ea6f-4c85-955f-375ce0c13615|d7181a3f-af02-409d-bbdf-00bb874f2ced|db764ec2-70f2-47d3-bb6f-ad838ae546fe|09/26/2017|12:33:36|5.495808077219042|None
eac08f6d-bc29-43ec-9ecf-65009e968465|d7181a3f-af02-409d-bbdf-00bb874f2ced|db764ec2-70f2-47d3-bb6f-ad838ae546fe|08/08/2015|09:53:00|8.636156571780193|None
426e5664-f6e4-409f-9668-196058e56387|d7181a3f-af02-409d-bbdf-00bb874f2ced|e550673a-7f31-4344-95d4-b1602d147c14|12/09/2015|18:06:15|5.283053743536516|MAD
73e01d1a-7b87-4bad-a5f9-b490a3ef0dc9|d7181a3f-af02-409d-bbdf-00bb874f2ced|e550673a-7f31-4344-95d4-b1602d147c14|03/25/2016|05:10:07|0.6025950180654583|None
3f815769-3705-4b5f-ae18-4b016c1297e9|d7181a3f-af02-409d-bbdf-00bb874f2ced|e550673a-7f31-4344-95d4-b1602d147c14|01/17/2015|21:37:47|7.388634918025159|None
b338512d-bca9-492d-b269-78b39104f17c|d7181a3f-af02-409d-bbdf-00bb874f2ced|e550673a-7f31-4344-95d4-b1602d147c14|08/09/2015|05:58:38|2.3185771185801536|None
d9d5c803-db5d-41c0-b12e-fa704288d443|d7181a3f-af02-409d-bbdf-00bb874f2ced|e550673a-7f31-4344-95d4-b1602d147c14|01/15/2017|09:37:10|14.286323319349258|None
1dd32afe-d219-4313-b245-1a2b244af267|9996cb80-3965-45b4-9ab8-6c959aa48c28|e550673a-7f31-4344-95d4-b1602d147c14|06/27/2015|20:27:29|6.81609195040931|COU
dd6c0f8b-fc84-41bd-a144-6f4502e201bf|9996cb80-3965-45b4-9ab8-6c959aa48c28|e550673a-7f31-4344-95d4-b1602d147c14|05/02/2016|16:18:22|36.250472876364|None
b73b6e7b-bc0d-4480-8000-25df65cf6589|9996cb80-3965-45b4-9ab8-6c959aa48c28|e550673a-7f31-4344-95d4-b1602d147c14|02/15/2016|17:56:23|2.506372287823677|None
143ffb3a-b4d3-4693-9848-009fba70452c|9996cb80-3965-45b4-9ab8-6c959aa48c28|e550673a-7f31-4344-95d4-b1602d147c14|05/01/2017|17:53:27|2.3913985027645133|IQD
0fc7e8f5-13e5-4ea5-96b2-486a4ef2bb37|1fdc8a11-2898-4bd4-aa8b-63b84fc1a5bf|e550673a-7f31-4344-95d4-b1602d147c14|02/05/2015|15:28:08|0.428887490788222|XBB
9838e354-b4fc-45df-951c-222152efe3c7|1fdc8a11-2898-4bd4-aa8b-63b84fc1a5bf|e550673a-7f31-4344-95d4-b1602d147c14|05/31/2016|23:57:25|26.21892720637751|None
650df261-224f-4735-8b3d-0e35e1d85a2b|be1e8da9-5d98-4144-9000-c04d144bdfea|e550673a-7f31-4344-95d4-b1602d147c14|03/16/2016|03:31:24|7.106760852891525|None
49afd921-6a3c-4c71-879f-be91928b74d1|be1e8da9-5d98-4144-9000-c04d144bdfea|e550673a-7f31-4344-95d4-b1602d147c14|05/08/2017|01:38:28|6.7224761508804685|None
b5544352-98ba-4bc5-abd3-10a01c343d19|be1e8da9-5d98-4144-9000-c04d144bdfea|e550673a-7f31-4344-95d4-b1602d147c14|10/20/2017|23:32:20|26.442989095804656|None
38fef75b-d78d-4edd-89ab-b70f6782c3c0|378d7797-e655-4faf-9b00-bc8ee2cdf729|e550673a-7f31-4344-95d4-b1602d147c14|11/30/2016|18:46:12|11.064893358555079|None
1d187351-03ad-48e4-bac3-dd854424da11|378d7797-e655-4faf-9b00-bc8ee2cdf729|e550673a-7f31-4344-95d4-b1602d147c14|03/03/2017|11:18:49|36.9476383939062|None
1b7f96b8-52ec-4774-8b7b-ca95f06d7481|378d7797-e655-4faf-9b00-bc8ee2cdf729|e550673a-7f31-4344-95d4-b1602d147c14|11/15/2016|07:08:02|4.439129161066581|None
e15bb4d3-e72a-4768-81da-55faf7036297|378d7797-e655-4faf-9b00-bc8ee2cdf729|e550673a-7f31-4344-95d4-b1602d147c14|01/11/2016|06:09:02|6.430993675196321|None
6e79351c-3890-41ea-9e69-ad854ed9debd|8bc72f03-1e38-48fb-a327-74cd67703917|b4f14ca7-3a75-4c09-a66b-f68143a5763b|10/04/2015|08:17:45|3.0459495097183313|None
b879487f-498c-4ba5-bff7-82d0a6a15f7c|8bc72f03-1e38-48fb-a327-74cd67703917|b4f14ca7-3a75-4c09-a66b-f68143a5763b|06/08/2016|03:29:55|2.722690966708271|ERN
8d07ae4d-0f3f-4048-ae48-f21d92807411|8bc72f03-1e38-48fb-a327-74cd67703917|e550673a-7f31-4344-95d4-b1602d147c14|02/15/2015|15:07:37|21.269011378929868|None
d7e0f7fe-ceb9-434e-98d6-deb4fcdc90d8|8bc72f03-1e38-48fb-a327-74cd67703917|e550673a-7f31-4344-95d4-b1602d147c14|09/18/2015|10:53:10|4.025366804527481|None
8f1d1553-322f-4422-8d33-d5826478463b|8bc72f03-1e38-48fb-a327-74cd67703917|e550673a-7f31-4344-95d4-b1602d147c14|08/22/2015|17:34:28|21.922338812462918|None
efdf9cea-3c9a-4985-8e8f-906c6f7e95f0|be3b7f40-bcf9-4220-a813-d7dd23423597|200668c2-9b6a-4ea3-8d56-92ad5554e06b|09/27/2015|00:38:48|21.77589068190731|None
6923e9c3-c3e4-4bcc-817c-5ee4bed02797|be3b7f40-bcf9-4220-a813-d7dd23423597|200668c2-9b6a-4ea3-8d56-92ad5554e06b|09/03/2015|10:18:51|0.8753622024988232|None
386cda3b-8ca9-4d3f-a2ad-cdae2df9a71f|be3b7f40-bcf9-4220-a813-d7dd23423597|200668c2-9b6a-4ea3-8d56-92ad5554e06b|04/27/2015|22:28:15|16.455239627644467|None
dfe9157c-c6c6-46cd-9b78-88c68a6fb265|be3b7f40-bcf9-4220-a813-d7dd23423597|200668c2-9b6a-4ea3-8d56-92ad5554e06b|01/02/2015|11:36:24|0.5866538239554795|None
880975fb-1f27-4305-a77c-19fa1aacca76|be3b7f40-bcf9-4220-a813-d7dd23423597|200668c2-9b6a-4ea3-8d56-92ad5554e06b|05/27/2017|23:20:55|2.252753438173346|None
fa4ca5be-12fe-46c8-8bd2-d137b0faf63f|be3b7f40-bcf9-4220-a813-d7dd23423597|b7f8aa91-0a03-47d5-a2a9-062c492ec180|05/12/2017|02:17:03|16.834784770371307|None
c043b37d-83f2-4aaf-b25e-315aeffc1ed1|be3b7f40-bcf9-4220-a813-d7dd23423597|b7f8aa91-0a03-47d5-a2a9-062c492ec180|10/08/2015|01:40:46|0.27836826068181975|None
2f57c729-8808-4b61-873e-9a52b6af6417|be3b7f40-bcf9-4220-a813-d7dd23423597|b7f8aa91-0a03-47d5-a2a9-062c492ec180|10/06/2017|23:36:50|5.54659292209071|CAD
a8c068b2-2d0d-45c9-9285-2751a34f70a3|be3b7f40-bcf9-4220-a813-d7dd23423597|df0c7b13-07a3-425e-b307-3d9db89c7bc7|07/07/2017|22:57:22|0.08929379414387431|None
2d667c22-b69b-4f38-a792-b0946aef1cad|9306eb53-68b8-4ef7-b53f-6fc8e2f29e1b|e550673a-7f31-4344-95d4-b1602d147c14|03/31/2017|02:14:32|25.040163546292533|None
e80cffdd-4be7-4881-ad72-5b98c13537f1|8a251b0e-ac6c-41fd-879b-48eda4036e95|9b34e345-80f9-4f11-af37-26d4113be8e9|12/07/2015|20:22:23|10.508105544040836|None
687d9c3c-db76-41c7-bbcc-eb5a7e3eb020|8a251b0e-ac6c-41fd-879b-48eda4036e95|9b34e345-80f9-4f11-af37-26d4113be8e9|06/24/2016|19:25:23|34.66853271055716|None
2688006b-e564-40c8-9055-77bd91cd06e5|873cf24c-93a4-4f72-ae66-1bb91971b34b|e550673a-7f31-4344-95d4-b1602d147c14|10/24/2015|05:00:18|1.3443473257058214|None
84b0ae79-24ef-4e68-b0c0-18d36d690dc6|b7ef7dff-2810-4183-ada2-e6349b0a9a4f|be3b7f40-bcf9-4220-a813-d7dd23423597|09/25/2016|14:13:14|0.935995287459762|None
f4ff9dee-02bc-443c-b9f4-9eb5fbee9f39|b7ef7dff-2810-4183-ada2-e6349b0a9a4f|be3b7f40-bcf9-4220-a813-d7dd23423597|10/19/2017|00:50:15|19.93078313482556|None
6f41d7c9-3c07-47e5-ae58-eacf921bf85f|b7ef7dff-2810-4183-ada2-e6349b0a9a4f|46a31561-26b6-468b-83eb-e57f04465466|06/05/2016|03:39:28|6.260840135326214|BDT
a992f838-ef1d-4f0a-93bb-1cc8438dd22b|b7ef7dff-2810-4183-ada2-e6349b0a9a4f|46a31561-26b6-468b-83eb-e57f04465466|02/06/2016|07:59:00|41.75071753255882|None
5309d211-b530-4eb7-b00c-cdc787ef09ae|b7ef7dff-2810-4183-ada2-e6349b0a9a4f|e550673a-7f31-4344-95d4-b1602d147c14|06/18/2017|12:26:19|0.1329779880387281|None
62308a21-49c5-413f-a359-325ea0999b55|b7ef7dff-2810-4183-ada2-e6349b0a9a4f|e550673a-7f31-4344-95d4-b1602d147c14|06/05/2017|05:22:10|20.433744196526185|None
610fab56-29b7-4a43-81f6-0d9138124d92|21bea448-4f89-4609-831e-36136edecb27|e550673a-7f31-4344-95d4-b1602d147c14|11/14/2017|20:40:58|1.3979175026983324|None
29afc91d-2b20-47c2-82c0-efc78947c3bc|21bea448-4f89-4609-831e-36136edecb27|e550673a-7f31-4344-95d4-b1602d147c14|02/23/2016|04:21:39|1.5084455202426654|None
14592f4e-e707-42c6-82cb-ca192afbd68f|21bea448-4f89-4609-831e-36136edecb27|e550673a-7f31-4344-95d4-b1602d147c14|04/03/2017|12:24:41|20.12888689848213|None
7983942e-77a7-4e66-b807-08d15e56ad9e|21bea448-4f89-4609-831e-36136edecb27|e550673a-7f31-4344-95d4-b1602d147c14|05/16/2015|22:58:39|32.83355218851027|None
a95f8513-fe94-475d-9b33-ae8a4fa8fd55|21bea448-4f89-4609-831e-36136edecb27|e550673a-7f31-4344-95d4-b1602d147c14|07/31/2015|10:26:47|5.89822175956361|None
81b28853-c639-41f9-a8ee-72cbe06282ff|21bea448-4f89-4609-831e-36136edecb27|e550673a-7f31-4344-95d4-b1602d147c14|05/11/2015|11:45:47|8.233447731532905|None
87e2f9a4-14a3-4ab0-a76e-35e578e902ae|21bea448-4f89-4609-831e-36136edecb27|e550673a-7f31-4344-95d4-b1602d147c14|03/21/2016|10:01:05|22.90249595271979|None
d6e47a10-f1fe-4373-934d-bb298ccf6eb6|21bea448-4f89-4609-831e-36136edecb27|e550673a-7f31-4344-95d4-b1602d147c14|09/08/2016|04:34:15|4.883850242966964|None
7926af3b-cdde-4c46-91ba-48931a925822|21bea448-4f89-4609-831e-36136edecb27|e550673a-7f31-4344-95d4-b1602d147c14|09/19/2016|14:55:07|13.60863333770906|None
030514f4-6eef-4741-bb99-64db77b467a8|21bea448-4f89-4609-831e-36136edecb27|e550673a-7f31-4344-95d4-b1602d147c14|01/02/2016|02:50:39|5.258277957407824|None
c605d6b9-d6fa-4f09-80a7-5efd17bf5c16|e8712523-2900-4e9e-90e2-296888bdae0a|e550673a-7f31-4344-95d4-b1602d147c14|03/17/2017|06:38:03|13.132603076059805|HNL
d0f67adb-d835-464a-848a-207cf4c623af|f90a482b-8dff-47ff-9fae-6b5f5e8f7b72|1a025335-f381-418f-9489-d00f3a8337e2|01/01/2016|08:01:21|2.918318031356701|None
a3376c38-c600-4a48-b62c-f578afdb051a|f90a482b-8dff-47ff-9fae-6b5f5e8f7b72|1a025335-f381-418f-9489-d00f3a8337e2|10/03/2015|04:19:11|0.7305235617794912|CNY
30b45399-6aeb-4fa7-b724-17df0f5b313a|f90a482b-8dff-47ff-9fae-6b5f5e8f7b72|e550673a-7f31-4344-95d4-b1602d147c14|08/26/2017|02:04:52|2.0404544271822136|None
7189686a-fb98-4e7f-aa9d-7e00dc10492f|f90a482b-8dff-47ff-9fae-6b5f5e8f7b72|e550673a-7f31-4344-95d4-b1602d147c14|07/17/2017|12:41:05|8.515995202745298|None
5e20c729-3ccc-44bc-80b3-42a3e9f2283e|119b06b6-eb13-40e6-bd98-da08fea3b3c5|9b34e345-80f9-4f11-af37-26d4113be8e9|11/12/2015|20:19:23|4.288394534926237|None
234696a8-0e47-45d1-83ba-9a7c2c487103|119b06b6-eb13-40e6-bd98-da08fea3b3c5|e550673a-7f31-4344-95d4-b1602d147c14|11/22/2015|02:58:24|2.138999095987541|None
27efcb69-0e65-4ecc-aa00-566696a54991|119b06b6-eb13-40e6-bd98-da08fea3b3c5|e550673a-7f31-4344-95d4-b1602d147c14|07/28/2017|08:29:31|12.940134988108685|None
da5bb801-c58b-4e93-a792-509bebc18229|acd4db1c-ef6b-47c3-ae71-41997807000d|0fe18fbd-1de2-46ed-80bd-d24dbf233590|01/22/2016|22:46:24|18.48500176461568|None
1cac11b4-c02d-45bc-8ef6-b8bf5525ec50|acd4db1c-ef6b-47c3-ae71-41997807000d|0fe18fbd-1de2-46ed-80bd-d24dbf233590|04/24/2015|22:56:37|8.950336491601693|None
fbe996f8-1cd2-4991-9705-b4fd39dfd5f2|acd4db1c-ef6b-47c3-ae71-41997807000d|e550673a-7f31-4344-95d4-b1602d147c14|03/21/2016|13:37:06|12.8021938098134|None
0a1bf22f-0475-4f42-8959-1dd17ff1ec02|48a15c3e-9aab-4da8-875c-ff814b4fcac5|e550673a-7f31-4344-95d4-b1602d147c14|03/10/2015|13:30:35|3.9284857484290256|None
c05a820d-0b03-472f-a614-d1f54ed4c697|48a15c3e-9aab-4da8-875c-ff814b4fcac5|e550673a-7f31-4344-95d4-b1602d147c14|01/05/2017|16:31:49|6.53456885363218|None
25a81e11-2588-46a6-8dd9-637d23e64066|48a15c3e-9aab-4da8-875c-ff814b4fcac5|e550673a-7f31-4344-95d4-b1602d147c14|09/26/2016|04:09:36|27.25267928903662|None
c6e3cafc-c21c-449b-86de-00eade8c2260|48a15c3e-9aab-4da8-875c-ff814b4fcac5|e550673a-7f31-4344-95d4-b1602d147c14|06/07/2015|10:00:47|0.16664669249308084|None
94f57e9f-0766-48ee-a70b-8f96d12d5427|48a15c3e-9aab-4da8-875c-ff814b4fcac5|e550673a-7f31-4344-95d4-b1602d147c14|11/30/2016|10:13:19|1.5335047669766726|JPY
328c6727-bac7-46b8-9a6b-5a7e4ba8f19d|4ad8a20d-bbc0-4546-8123-b3481dc7f2d8|e550673a-7f31-4344-95d4-b1602d147c14|01/29/2017|13:04:29|1.7637304861946879|None
1c604679-21ce-4be2-8901-b070d50604e5|0fc43710-3fbf-46e8-8a92-d37f97bf6298|e550673a-7f31-4344-95d4-b1602d147c14|05/29/2016|20:34:54|4.394600487652948|None
2d1e79d8-5433-4cb2-ab69-b877c02f7722|0fc43710-3fbf-46e8-8a92-d37f97bf6298|e550673a-7f31-4344-95d4-b1602d147c14|12/03/2015|12:22:51|51.138780039172936|None
2942e6a6-d82f-4c0c-91ea-b4d22dd097a3|8aa84f40-356f-4ed4-b692-f1578e4b66ce|b7ef7dff-2810-4183-ada2-e6349b0a9a4f|02/22/2017|01:50:35|1.1463705122764563|GIP
a8ddc311-4a36-4f69-a078-e710bc35551c|13736a99-d260-491c-8a84-b57ff85a9ad4|ec4c86f4-1e37-4247-a03f-b8ead6621a5f|08/02/2015|11:54:16|5.482149607698441|None
f1b0965a-c8f6-4f27-abad-97dbf34ffbba|13736a99-d260-491c-8a84-b57ff85a9ad4|ec4c86f4-1e37-4247-a03f-b8ead6621a5f|12/31/2015|05:35:41|19.546592650292666|None
382de032-2a43-4bce-b5cc-0031f251980f|13736a99-d260-491c-8a84-b57ff85a9ad4|ec4c86f4-1e37-4247-a03f-b8ead6621a5f|09/09/2016|10:05:46|13.954797496886368|None
37bc0bb9-60cb-49d6-9486-f37fd3edda77|13736a99-d260-491c-8a84-b57ff85a9ad4|ec4c86f4-1e37-4247-a03f-b8ead6621a5f|09/27/2015|08:51:14|4.935175821028388|None
7f687070-3846-4eaa-86ed-dee2964abcd3|13736a99-d260-491c-8a84-b57ff85a9ad4|ec4c86f4-1e37-4247-a03f-b8ead6621a5f|11/03/2016|09:50:17|6.3034478739492865|None
3d0be139-bbfd-44d9-827f-209949452634|06788683-5a1d-467f-96de-dc4e70bdbe70|e550673a-7f31-4344-95d4-b1602d147c14|05/03/2016|06:35:24|7.558124132446681|None
9abe3061-8297-4a53-9d95-613bd7e5e6d9|06788683-5a1d-467f-96de-dc4e70bdbe70|e550673a-7f31-4344-95d4-b1602d147c14|04/13/2015|22:05:41|22.641069699169265|CNY
939420d5-5bba-40a8-9f3f-69abd3a20864|3ad53189-f52c-4392-a1b2-c554d7a605c4|e550673a-7f31-4344-95d4-b1602d147c14|04/18/2016|14:18:41|7.001604967681848|NGN
f8b65704-c4d4-433a-86c4-647c01dc7231|b7f8aa91-0a03-47d5-a2a9-062c492ec180|4ad8a20d-bbc0-4546-8123-b3481dc7f2d8|05/09/2016|18:16:27|3.875989532577578|MWK
890028b8-c5e2-41e3-93c4-2c31a51db1c9|0c26d4e3-fcd7-4f25-bf14-2e6f4263e24a|7a7645f5-5b10-4879-ae35-f08ab4c6c8fc|06/05/2017|16:42:22|13.61693936103581|None
472f8fa9-63cb-4a47-be1f-0b959277f8a4|0c26d4e3-fcd7-4f25-bf14-2e6f4263e24a|7a7645f5-5b10-4879-ae35-f08ab4c6c8fc|11/20/2017|21:46:55|0.8920707868721578|None
cabe62de-4d96-4f1f-8720-6ea5da786286|0c26d4e3-fcd7-4f25-bf14-2e6f4263e24a|7a7645f5-5b10-4879-ae35-f08ab4c6c8fc|09/09/2017|11:36:16|3.5145584954487106|None
4efa7b9c-fe98-4a5c-9c97-c052570bc4cc|0c26d4e3-fcd7-4f25-bf14-2e6f4263e24a|7a7645f5-5b10-4879-ae35-f08ab4c6c8fc|04/18/2016|01:26:03|21.97068918187435|UZS
ea37b956-2068-4dc2-9066-8e50fece66a2|0c26d4e3-fcd7-4f25-bf14-2e6f4263e24a|7a7645f5-5b10-4879-ae35-f08ab4c6c8fc|04/14/2016|16:58:20|8.589520580033758|None
7d82af66-4973-429c-90c0-55716e9193e5|0c26d4e3-fcd7-4f25-bf14-2e6f4263e24a|7a7645f5-5b10-4879-ae35-f08ab4c6c8fc|06/24/2017|04:22:12|5.574249980051577|None
54e46e64-aadd-4364-b3b2-185105195c80|0c26d4e3-fcd7-4f25-bf14-2e6f4263e24a|7a7645f5-5b10-4879-ae35-f08ab4c6c8fc|12/22/2017|08:44:15|6.537118218212143|None
7dd98c40-20b7-437f-af0c-b1bef0b07d76|0c26d4e3-fcd7-4f25-bf14-2e6f4263e24a|7a7645f5-5b10-4879-ae35-f08ab4c6c8fc|11/09/2016|17:28:52|2.2670727651817293|None
6b40a812-c678-49ad-b4f9-453006dc571d|0c26d4e3-fcd7-4f25-bf14-2e6f4263e24a|7a7645f5-5b10-4879-ae35-f08ab4c6c8fc|09/15/2017|17:26:02|9.332522898937263|None
70a8a16c-4724-4b99-a895-e55a2d986ed5|0c26d4e3-fcd7-4f25-bf14-2e6f4263e24a|7a7645f5-5b10-4879-ae35-f08ab4c6c8fc|03/11/2016|05:58:22|0.5775708873056288|None
5d19927f-bf47-4862-b12d-3644939298be|0c26d4e3-fcd7-4f25-bf14-2e6f4263e24a|7a7645f5-5b10-4879-ae35-f08ab4c6c8fc|09/16/2015|15:31:08|12.450871819599561|None
62172ebe-134f-415a-bb5f-3ccbddda3377|0c26d4e3-fcd7-4f25-bf14-2e6f4263e24a|7a7645f5-5b10-4879-ae35-f08ab4c6c8fc|06/16/2016|06:05:45|11.86608756637608|None
c59bb8b2-09a9-4c2f-9e75-ae0f8b612e8d|0c26d4e3-fcd7-4f25-bf14-2e6f4263e24a|7a7645f5-5b10-4879-ae35-f08ab4c6c8fc|05/20/2015|09:57:40|4.6062898735358795|None
77485220-765e-4ea0-a3b4-e02f83524127|9a871988-a569-4d82-be75-d7c57c3757c4|e550673a-7f31-4344-95d4-b1602d147c14|12/24/2015|02:16:09|4.180723468780995|None
3b51855a-aa30-4f96-aaa6-1b3df9e86826|06ee5879-9359-439d-86e2-dd18496532ce|e550673a-7f31-4344-95d4-b1602d147c14|06/05/2017|07:53:56|25.38579559493467|None
ce14bb9d-e810-4a90-b594-766ade93a7ec|06ee5879-9359-439d-86e2-dd18496532ce|e550673a-7f31-4344-95d4-b1602d147c14|02/20/2015|22:24:25|6.642986611107721|None
4bb241cc-eb7e-4bad-903c-5a1922d43a51|06ee5879-9359-439d-86e2-dd18496532ce|e550673a-7f31-4344-95d4-b1602d147c14|02/13/2015|12:30:21|0.2595146777995684|None
48b91920-a4ef-4fbb-84c1-454c39b41a63|53b4795a-44ef-4506-9420-db88500094c7|e550673a-7f31-4344-95d4-b1602d147c14|01/08/2016|22:59:00|1.5025604695976893|None
d6c0adea-f442-4f57-b182-ece4f8d7e10f|53b4795a-44ef-4506-9420-db88500094c7|e550673a-7f31-4344-95d4-b1602d147c14|10/27/2016|08:12:09|20.33397318829444|None
8685343f-4225-4573-98df-e20cb43f44f8|53b4795a-44ef-4506-9420-db88500094c7|e550673a-7f31-4344-95d4-b1602d147c14|11/25/2017|02:14:10|8.032861312659325|None
aaaa87c4-48ac-41d9-bdfb-920390b995ab|53b4795a-44ef-4506-9420-db88500094c7|e550673a-7f31-4344-95d4-b1602d147c14|07/01/2017|00:19:57|20.170743646351355|None
bb98022f-d046-4204-bfbe-d1000e8cbac1|53b4795a-44ef-4506-9420-db88500094c7|e550673a-7f31-4344-95d4-b1602d147c14|07/19/2017|07:34:29|0.0907557527250345|None
