56184e9c-89b7-43d5-970d-fed6d9c7402a|d42913d1-ffa7-4d27-a30e-19fd0c3cdd4a|0c26d4e3-fcd7-4f25-bf14-2e6f4263e24a|07/24/2017|16:29:12|9565.286785523325|TZS
039b33f2-11bf-4cd3-98f2-33d38a9317e3|d42913d1-ffa7-4d27-a30e-19fd0c3cdd4a|13736a99-d260-491c-8a84-b57ff85a9ad4|10/24/2017|16:30:20|9565.286785523325|None
a76f2387-ffdf-4a77-98fb-8f82a0bd4a90|d42913d1-ffa7-4d27-a30e-19fd0c3cdd4a|410f452b-d095-4efe-b142-e0bc5a3f21c7|13/24/2017|16:31:28|9565.286785523325|None
6f26e37a-dee7-4211-90b9-17fbaff3df3c|d42913d1-ffa7-4d27-a30e-19fd0c3cdd4a|db764ec2-70f2-47d3-bb6f-ad838ae546fe|16/24/2017|16:32:36|9565.286785523325|None
abb16356-f936-4b36-800b-593bdcb809eb|d42913d1-ffa7-4d27-a30e-19fd0c3cdd4a|8532a3a5-1e56-4ccb-9d97-08ca3c5e77e8|19/24/2017|16:33:44|9565.286785523325|None
2fda79c9-bcdf-4ce4-8357-35ada5048055|d42913d1-ffa7-4d27-a30e-19fd0c3cdd4a|21bea448-4f89-4609-831e-36136edecb27|22/24/2017|16:34:52|9565.286785523325|None
debaf62c-d837-4a39-a07a-e4cef784330b|d42913d1-ffa7-4d27-a30e-19fd0c3cdd4a|b4f14ca7-3a75-4c09-a66b-f68143a5763b|25/24/2017|16:35:52|9565.286785523325|None
54308952-472d-4875-9e0e-4793ad028113|0c26d4e3-fcd7-4f25-bf14-2e6f4263e24a|05c918cc-f1e2-4ac8-89f8-7c6abf4c61f6|25/24/2017|16:36:52|9571.82212243102|None
26b4ed16-b3cb-4f00-8c7a-e12817d4df82|13736a99-d260-491c-8a84-b57ff85a9ad4|05c918cc-f1e2-4ac8-89f8-7c6abf4c61f6|25/24/2017|16:37:52|9571.82212243102|None
817bdc51-716b-41bf-8d90-58715a24ae23|410f452b-d095-4efe-b142-e0bc5a3f21c7|05c918cc-f1e2-4ac8-89f8-7c6abf4c61f6|25/24/2017|16:38:52|9571.82212243102|TJS
42f5400a-ae1d-4215-a5e7-1bfafb080f06|db764ec2-70f2-47d3-bb6f-ad838ae546fe|05c918cc-f1e2-4ac8-89f8-7c6abf4c61f6|25/24/2017|16:39:52|9571.82212243102|None
79ccacaf-8aa1-45a5-ad98-6e6931a30f72|8532a3a5-1e56-4ccb-9d97-08ca3c5e77e8|05c918cc-f1e2-4ac8-89f8-7c6abf4c61f6|25/24/2017|16:40:52|9571.82212243102|None
c44f5c94-b5ba-4943-9a15-fc33af4f8966|21bea448-4f89-4609-831e-36136edecb27|05c918cc-f1e2-4ac8-89f8-7c6abf4c61f6|25/24/2017|16:41:52|9571.82212243102|None
d49bb8f4-6529-4354-a9ed-7b2021072375|b4f14ca7-3a75-4c09-a66b-f68143a5763b|05c918cc-f1e2-4ac8-89f8-7c6abf4c61f6|25/24/2017|16:42:52|9571.82212243102|None
69b23b05-4b9e-4b7b-90d3-d77f35e8c2e7|05c918cc-f1e2-4ac8-89f8-7c6abf4c61f6|380811b8-dc19-4317-ad26-315a8be0b024|25/24/2017|16:43:52|9248.449280670879|None
9d7a344b-21ee-47b9-b181-9f78e32109bd|05c918cc-f1e2-4ac8-89f8-7c6abf4c61f6|df0c7b13-07a3-425e-b307-3d9db89c7bc7|25/24/2017|16:44:52|9248.449280670879|None
482ab654-2d7d-4b4c-9c93-9ecb2b4a9728|05c918cc-f1e2-4ac8-89f8-7c6abf4c61f6|06788683-5a1d-467f-96de-dc4e70bdbe70|25/24/2017|16:45:52|9248.449280670879|None
8f1babb6-49bf-484f-bf90-61927859f7b2|05c918cc-f1e2-4ac8-89f8-7c6abf4c61f6|edb54944-c4f6-4d0d-8984-5999df05285f|25/24/2017|16:46:52|9248.449280670879|None
903e33c7-3cfa-43e9-bf4c-194c44c87dc6|05c918cc-f1e2-4ac8-89f8-7c6abf4c61f6|9b34e345-80f9-4f11-af37-26d4113be8e9|25/24/2017|16:47:52|9248.449280670879|None
496dc0fe-c42a-49d9-b335-cc7322cbcd64|05c918cc-f1e2-4ac8-89f8-7c6abf4c61f6|d7181a3f-af02-409d-bbdf-00bb874f2ced|25/24/2017|16:48:52|9248.449280670879|None
0ca73ea0-7a6f-4e31-a642-4dfc65d5287d|05c918cc-f1e2-4ac8-89f8-7c6abf4c61f6|62f3f3cb-8d7f-41b6-9ddd-5f710e323637|25/24/2017|16:49:52|9248.449280670879|None
5f8845b1-069b-4981-bd36-17e74aa4b67a|380811b8-dc19-4317-ad26-315a8be0b024|8a251b0e-ac6c-41fd-879b-48eda4036e95|25/24/2017|15:53:00|9248.449280670879|None
5a67a6c9-2ead-4c2b-8175-fcf0f2f8ba9f|df0c7b13-07a3-425e-b307-3d9db89c7bc7|8a251b0e-ac6c-41fd-879b-48eda4036e95|25/24/2017|04:48:47|9248.449280670879|ERN
959ac1d6-c4b5-4640-9127-0af4de8051f5|06788683-5a1d-467f-96de-dc4e70bdbe70|8a251b0e-ac6c-41fd-879b-48eda4036e95|25/24/2017|08:48:44|9248.449280670879|CUP
4ea0d9ad-f340-4fa2-994e-97217338a998|edb54944-c4f6-4d0d-8984-5999df05285f|8a251b0e-ac6c-41fd-879b-48eda4036e95|25/24/2017|17:15:27|9248.449280670879|None
60031070-cecf-425d-bbf0-d3d60321b55f|9b34e345-80f9-4f11-af37-26d4113be8e9|8a251b0e-ac6c-41fd-879b-48eda4036e95|25/24/2017|00:41:37|9248.449280670879|None
d360c65e-3004-43da-af2c-14546fbf8b93|d7181a3f-af02-409d-bbdf-00bb874f2ced|8a251b0e-ac6c-41fd-879b-48eda4036e95|25/24/2017|20:59:11|9248.449280670879|None
4cb4a21c-913a-4459-9a2b-3f5ba5a9f8d7|62f3f3cb-8d7f-41b6-9ddd-5f710e323637|8a251b0e-ac6c-41fd-879b-48eda4036e95|25/24/2017|14:20:54|9248.449280670879|SBD
396a9035-040b-4c2c-ac18-d1db6af07d0a|dbf57159-e26f-4e37-8ceb-c4b7f04178e9|c7661b67-6045-4246-9b3f-c788887cfb9b|04/22/2017|00:11:08|15792.822126760795|None
51259ace-a77c-4118-a665-23891255bb8e|dbf57159-e26f-4e37-8ceb-c4b7f04178e9|e8712523-2900-4e9e-90e2-296888bdae0a|04/22/2017|11:16:46|15792.822126760795|None
1b6ddc7d-e745-47ed-bec9-8c1bfbcf7742|dbf57159-e26f-4e37-8ceb-c4b7f04178e9|f90a482b-8dff-47ff-9fae-6b5f5e8f7b72|04/22/2017|22:21:46|15792.822126760795|None
bfc81698-5353-4ed7-b333-b2c66fca3958|c7661b67-6045-4246-9b3f-c788887cfb9b|37850223-6a0e-4985-83ee-32a0f9bd26a8|04/22/2017|22:26:46|3159.4864977420084|None
ead115db-276b-46db-b490-5d67f9fe8c5c|c7661b67-6045-4246-9b3f-c788887cfb9b|558b312f-ef63-4a3f-9384-dc5246b8afb3|04/22/2017|22:31:46|3159.4864977420084|None
02e54bc2-9430-4b8a-94c1-215bdfdc0f7e|c7661b67-6045-4246-9b3f-c788887cfb9b|ec4c86f4-1e37-4247-a03f-b8ead6621a5f|04/22/2017|22:36:46|3159.4864977420084|MZN
9535dc94-9cab-4631-8d2f-9ec397bc6720|c7661b67-6045-4246-9b3f-c788887cfb9b|172f3d30-2105-48f0-9350-bceccba9f34c|04/22/2017|22:41:46|3159.4864977420084|None
142db471-fec3-45da-acda-27b01e395307|c7661b67-6045-4246-9b3f-c788887cfb9b|b7aac3b8-d933-467c-a888-5234e62db0b7|04/22/2017|22:46:46|3159.4864977420084|None
7a186e68-ce67-4485-ac96-6935aecfd494|e8712523-2900-4e9e-90e2-296888bdae0a|37850223-6a0e-4985-83ee-32a0f9bd26a8|04/22/2017|22:51:46|3159.4864977420084|None
4abedc41-2283-43ca-af4b-5114d139ca1b|e8712523-2900-4e9e-90e2-296888bdae0a|558b312f-ef63-4a3f-9384-dc5246b8afb3|04/22/2017|22:56:46|3159.4864977420084|None
3f0cef02-ff99-44fa-bb81-45ede9c0d911|e8712523-2900-4e9e-90e2-296888bdae0a|ec4c86f4-1e37-4247-a03f-b8ead6621a5f|04/22/2017|22:56:46|3159.4864977420084|None
eb361ac4-5bc1-4ec3-8d60-5557e11f5731|e8712523-2900-4e9e-90e2-296888bdae0a|172f3d30-2105-48f0-9350-bceccba9f34c|04/22/2017|22:56:46|3159.4864977420084|None
b44cc085-b0ff-4753-b8c6-205ef905d0c5|e8712523-2900-4e9e-90e2-296888bdae0a|b7aac3b8-d933-467c-a888-5234e62db0b7|04/22/2017|22:56:46|3159.4864977420084|SVC
6c8e8339-9ac0-40e1-9a27-80dc58ecb159|f90a482b-8dff-47ff-9fae-6b5f5e8f7b72|37850223-6a0e-4985-83ee-32a0f9bd26a8|04/22/2017|22:56:46|3159.4864977420084|None
ece6cc99-b8d4-4cc1-919f-097fecdbc8c6|f90a482b-8dff-47ff-9fae-6b5f5e8f7b72|558b312f-ef63-4a3f-9384-dc5246b8afb3|04/22/2017|22:56:46|3159.4864977420084|None
4dc28940-828c-48bd-a673-b815110fd8e4|f90a482b-8dff-47ff-9fae-6b5f5e8f7b72|ec4c86f4-1e37-4247-a03f-b8ead6621a5f|04/22/2017|22:56:46|3159.4864977420084|None
3174ea64-fc57-4c70-b91a-f72a10e02267|f90a482b-8dff-47ff-9fae-6b5f5e8f7b72|172f3d30-2105-48f0-9350-bceccba9f34c|04/22/2017|22:56:46|3159.4864977420084|GHS
879d2968-b937-444a-b96b-c86cf86502d5|f90a482b-8dff-47ff-9fae-6b5f5e8f7b72|b7aac3b8-d933-467c-a888-5234e62db0b7|04/22/2017|22:56:46|3159.4864977420084|None
7f54512b-ba91-475d-afd8-76f9f19576c1|37850223-6a0e-4985-83ee-32a0f9bd26a8|2c99e684-7d1f-450e-9bfe-fff41dfa0c70|04/22/2017|22:56:46|1185.4858055519328|None
8ff21398-60a2-480e-a139-5696bc5228d1|37850223-6a0e-4985-83ee-32a0f9bd26a8|6bb52161-fd07-483b-8ec6-bdb34597e5c4|04/22/2017|22:56:46|1185.4858055519328|None
dc967107-4c39-40d4-992d-1641b2707e4f|37850223-6a0e-4985-83ee-32a0f9bd26a8|378d7797-e655-4faf-9b00-bc8ee2cdf729|04/22/2017|22:56:46|1185.4858055519328|None
fdb5e8aa-cadc-426b-be2e-b05e5c6b8e27|37850223-6a0e-4985-83ee-32a0f9bd26a8|19f51533-d8ad-44e9-818b-affee29e4a5f|04/22/2017|22:56:46|1185.4858055519328|None
ceb20d0e-5848-4c54-a74e-c0c65643ca23|37850223-6a0e-4985-83ee-32a0f9bd26a8|7434b287-b23c-4827-a885-88b24a185863|04/22/2017|22:56:46|1185.4858055519328|TWD
af6a30d1-907a-437f-b50a-78fa318ac6ed|37850223-6a0e-4985-83ee-32a0f9bd26a8|9996cb80-3965-45b4-9ab8-6c959aa48c28|04/22/2017|22:56:46|1185.4858055519328|None
4b8026ca-db2a-4736-9cec-971f5fdb3d8d|37850223-6a0e-4985-83ee-32a0f9bd26a8|899da0ec-347b-4eda-84b8-b39be8fb9b85|04/22/2017|22:56:46|1185.4858055519328|CDF
65ae3fad-d662-41cd-a2f8-672a973c070a|37850223-6a0e-4985-83ee-32a0f9bd26a8|353c3bd0-5b29-4aca-93cf-da00ddc8f49d|04/22/2017|22:56:46|1185.4858055519328|None
02cff8ce-0916-4064-95be-28619ffe2313|558b312f-ef63-4a3f-9384-dc5246b8afb3|2c99e684-7d1f-450e-9bfe-fff41dfa0c70|04/22/2017|22:56:46|1185.4858055519328|None
4ef12711-1855-4967-b99a-f82dde05e090|558b312f-ef63-4a3f-9384-dc5246b8afb3|6bb52161-fd07-483b-8ec6-bdb34597e5c4|04/22/2017|22:56:46|1185.4858055519328|None
83f4a85e-3a8d-427c-9653-72de047ffd90|558b312f-ef63-4a3f-9384-dc5246b8afb3|378d7797-e655-4faf-9b00-bc8ee2cdf729|04/22/2017|22:56:46|1185.4858055519328|None
f4281c7b-f701-412f-be27-e2b6baa720ae|558b312f-ef63-4a3f-9384-dc5246b8afb3|19f51533-d8ad-44e9-818b-affee29e4a5f|04/22/2017|22:56:46|1185.4858055519328|None
595d7a71-a748-4056-a9e2-372f0105b16b|558b312f-ef63-4a3f-9384-dc5246b8afb3|7434b287-b23c-4827-a885-88b24a185863|04/22/2017|22:56:46|1185.4858055519328|None
502eff9a-d724-4cc7-bf4d-6ffc84100f54|558b312f-ef63-4a3f-9384-dc5246b8afb3|9996cb80-3965-45b4-9ab8-6c959aa48c28|04/22/2017|22:56:46|1185.4858055519328|None
9fde390f-1cec-43f2-812d-60a2cb76728b|558b312f-ef63-4a3f-9384-dc5246b8afb3|899da0ec-347b-4eda-84b8-b39be8fb9b85|04/22/2017|22:56:46|1185.4858055519328|None
74eb7cfd-0c39-4ef6-a857-9f0585992253|558b312f-ef63-4a3f-9384-dc5246b8afb3|353c3bd0-5b29-4aca-93cf-da00ddc8f49d|04/22/2017|22:56:46|1185.4858055519328|OMR
85d54249-6b65-40fc-8aca-d22d431fdf3a|ec4c86f4-1e37-4247-a03f-b8ead6621a5f|2c99e684-7d1f-450e-9bfe-fff41dfa0c70|04/22/2017|22:56:46|1185.4858055519328|None
78e5ebf6-6f40-44db-a1b5-3a9a4b2473b6|ec4c86f4-1e37-4247-a03f-b8ead6621a5f|6bb52161-fd07-483b-8ec6-bdb34597e5c4|04/22/2017|22:56:46|1185.4858055519328|None
89c22bbf-1ed5-4470-9ca4-c756330fd850|ec4c86f4-1e37-4247-a03f-b8ead6621a5f|378d7797-e655-4faf-9b00-bc8ee2cdf729|04/22/2017|22:56:46|1185.4858055519328|None
8d331db8-3a26-4b6d-b941-266824820e32|ec4c86f4-1e37-4247-a03f-b8ead6621a5f|19f51533-d8ad-44e9-818b-affee29e4a5f|04/22/2017|22:56:46|1185.4858055519328|None
02eaab1c-882a-48ef-a4e7-7028fc5e8522|ec4c86f4-1e37-4247-a03f-b8ead6621a5f|7434b287-b23c-4827-a885-88b24a185863|04/22/2017|22:56:46|1185.4858055519328|None
3cd7cad6-e34e-42c4-ba41-6006e7aef360|ec4c86f4-1e37-4247-a03f-b8ead6621a5f|9996cb80-3965-45b4-9ab8-6c959aa48c28|04/22/2017|22:56:46|1185.4858055519328|None
ff2cff4c-d8bc-44cd-8e01-32a4fa784572|ec4c86f4-1e37-4247-a03f-b8ead6621a5f|899da0ec-347b-4eda-84b8-b39be8fb9b85|04/22/2017|22:56:46|1185.4858055519328|SGD
c52f76c3-9438-444a-bf69-ec918edee699|ec4c86f4-1e37-4247-a03f-b8ead6621a5f|353c3bd0-5b29-4aca-93cf-da00ddc8f49d|04/22/2017|22:56:46|1185.4858055519328|None
54d62491-5b4e-439f-bc9c-a2dc369a5de3|172f3d30-2105-48f0-9350-bceccba9f34c|2c99e684-7d1f-450e-9bfe-fff41dfa0c70|04/22/2017|22:56:46|1185.4858055519328|None
c241792d-679a-4076-810e-8884dd689d68|172f3d30-2105-48f0-9350-bceccba9f34c|6bb52161-fd07-483b-8ec6-bdb34597e5c4|04/22/2017|22:56:46|1185.4858055519328|COU
e3b4e7a6-48eb-44bd-aec4-5a5c7b1239e2|172f3d30-2105-48f0-9350-bceccba9f34c|378d7797-e655-4faf-9b00-bc8ee2cdf729|04/22/2017|22:56:46|1185.4858055519328|USN
807a00b8-6bf6-4faa-9f89-3eaf791fb9e8|172f3d30-2105-48f0-9350-bceccba9f34c|19f51533-d8ad-44e9-818b-affee29e4a5f|04/22/2017|22:56:46|1185.4858055519328|KWD
3953ed65-b8f8-4a58-a5b0-f5f415cb1de7|172f3d30-2105-48f0-9350-bceccba9f34c|7434b287-b23c-4827-a885-88b24a185863|04/22/2017|22:56:46|1185.4858055519328|None
26520181-6e76-463d-ba9d-89f7967de8fc|172f3d30-2105-48f0-9350-bceccba9f34c|9996cb80-3965-45b4-9ab8-6c959aa48c28|04/22/2017|22:56:46|1185.4858055519328|None
f363124c-c4b0-4359-937b-4c91d0c15af4|172f3d30-2105-48f0-9350-bceccba9f34c|899da0ec-347b-4eda-84b8-b39be8fb9b85|04/22/2017|22:56:46|1185.4858055519328|SDG
a053a469-8e62-4703-8bad-2c84519657fa|172f3d30-2105-48f0-9350-bceccba9f34c|353c3bd0-5b29-4aca-93cf-da00ddc8f49d|04/22/2017|22:56:46|1185.4858055519328|None
71a7cef8-1994-4c9e-b9e2-88553b06d9b9|b7aac3b8-d933-467c-a888-5234e62db0b7|2c99e684-7d1f-450e-9bfe-fff41dfa0c70|04/22/2017|22:56:46|1185.4858055519328|HUF
543c2242-6799-4e20-963b-ad5591f9d99c|b7aac3b8-d933-467c-a888-5234e62db0b7|6bb52161-fd07-483b-8ec6-bdb34597e5c4|04/22/2017|22:56:46|1185.4858055519328|None
466623e0-6acd-4320-afeb-f0b712b64cad|b7aac3b8-d933-467c-a888-5234e62db0b7|378d7797-e655-4faf-9b00-bc8ee2cdf729|04/22/2017|22:56:46|1185.4858055519328|None
9f0c8d0c-7df2-442b-9215-d21e9f41194a|b7aac3b8-d933-467c-a888-5234e62db0b7|19f51533-d8ad-44e9-818b-affee29e4a5f|04/22/2017|22:56:46|1185.4858055519328|ZAR
59fcab1c-4b13-47f6-88f1-b5c50c1a6ebf|b7aac3b8-d933-467c-a888-5234e62db0b7|7434b287-b23c-4827-a885-88b24a185863|04/22/2017|22:56:46|1185.4858055519328|None
1f5f2bbc-1cb3-4e2f-8a36-bba4568c2bd9|b7aac3b8-d933-467c-a888-5234e62db0b7|9996cb80-3965-45b4-9ab8-6c959aa48c28|04/22/2017|22:56:46|1185.4858055519328|CDF
54cffed0-6ce8-494d-b21e-5531b8840d62|b7aac3b8-d933-467c-a888-5234e62db0b7|899da0ec-347b-4eda-84b8-b39be8fb9b85|04/22/2017|22:56:46|1185.4858055519328|None
6eb63467-527a-4e07-a1d1-8b52fcc6f46e|b7aac3b8-d933-467c-a888-5234e62db0b7|353c3bd0-5b29-4aca-93cf-da00ddc8f49d|04/22/2017|22:56:46|1185.4858055519328|AMD
9a766269-5918-4208-a592-2b2fa36edacd|2c99e684-7d1f-450e-9bfe-fff41dfa0c70|46a31561-26b6-468b-83eb-e57f04465466|04/22/2017|22:56:46|5934.453440458484|None
0b03f6af-b492-4b93-82bd-cb628456998a|6bb52161-fd07-483b-8ec6-bdb34597e5c4|46a31561-26b6-468b-83eb-e57f04465466|04/22/2017|22:56:46|5934.453440458484|None
55f97f76-c12f-40c3-94c8-2db1cebd6981|378d7797-e655-4faf-9b00-bc8ee2cdf729|46a31561-26b6-468b-83eb-e57f04465466|04/22/2017|22:56:46|5934.453440458484|None
bd097070-c0d0-405f-8767-49f4d757274b|19f51533-d8ad-44e9-818b-affee29e4a5f|46a31561-26b6-468b-83eb-e57f04465466|04/22/2017|22:56:46|5934.453440458484|XUA
8d536ec4-d461-4347-833e-241a9bed0384|7434b287-b23c-4827-a885-88b24a185863|46a31561-26b6-468b-83eb-e57f04465466|04/22/2017|22:56:46|5934.453440458484|None
94177ffc-dbaf-4130-97e7-a6dc1f0dbad1|9996cb80-3965-45b4-9ab8-6c959aa48c28|46a31561-26b6-468b-83eb-e57f04465466|04/22/2017|22:56:46|5934.453440458484|JMD
eaa43ffb-04a1-4987-bee4-29bcb13db206|899da0ec-347b-4eda-84b8-b39be8fb9b85|46a31561-26b6-468b-83eb-e57f04465466|04/22/2017|22:56:46|5934.453440458484|None
213ff080-8533-47a7-b824-32b248ac2358|353c3bd0-5b29-4aca-93cf-da00ddc8f49d|46a31561-26b6-468b-83eb-e57f04465466|04/22/2017|22:56:46|5934.453440458484|None
562d9627-fb1d-4319-a92f-75ce5575a3f8|46a31561-26b6-468b-83eb-e57f04465466|084b0863-47c4-4260-b23a-c1919afff12a|04/22/2017|22:56:46|9093.30383128844|LBP
99b2b22b-d4f1-4d74-adb7-444a60fd35ff|46a31561-26b6-468b-83eb-e57f04465466|edb54944-c4f6-4d0d-8984-5999df05285f|04/22/2017|22:56:46|9093.30383128844|None
65110a96-39da-4bc3-afa1-1c8108786b4d|46a31561-26b6-468b-83eb-e57f04465466|8aa84f40-356f-4ed4-b692-f1578e4b66ce|04/22/2017|22:56:46|9093.30383128844|TRY
c87f12a7-4bb3-47a1-b413-2e5fb0af8ae3|46a31561-26b6-468b-83eb-e57f04465466|92262e2b-fc97-475e-8299-d9599699a317|04/22/2017|22:56:46|9093.30383128844|None
501feb79-4a09-4079-9c81-3699d0e4d2bc|46a31561-26b6-468b-83eb-e57f04465466|db764ec2-70f2-47d3-bb6f-ad838ae546fe|04/22/2017|22:56:46|9093.30383128844|None
1678de29-938b-4ab9-ae07-ef02bf13dcca|084b0863-47c4-4260-b23a-c1919afff12a|648e137a-2cb8-470d-8614-c136ede06350|04/22/2017|17:57:11|9093.30383128844|None
8a970626-4292-403b-96a3-901c9c3a2d80|edb54944-c4f6-4d0d-8984-5999df05285f|648e137a-2cb8-470d-8614-c136ede06350|04/22/2017|23:38:10|9093.30383128844|None
6dcd3fed-a14e-4b91-be3d-89a44ab46715|8aa84f40-356f-4ed4-b692-f1578e4b66ce|648e137a-2cb8-470d-8614-c136ede06350|04/22/2017|01:15:05|9093.30383128844|None
32a2a9ba-d7a4-4cd4-af8a-5fda47b9d244|92262e2b-fc97-475e-8299-d9599699a317|648e137a-2cb8-470d-8614-c136ede06350|04/22/2017|16:39:58|9093.30383128844|None
e4c0fdb4-d6fe-4d2c-953c-af856a566d50|db764ec2-70f2-47d3-bb6f-ad838ae546fe|648e137a-2cb8-470d-8614-c136ede06350|04/22/2017|00:44:07|9093.30383128844|None
7b900225-31da-47fa-8a44-f099da9482c3|2413d390-4e9f-4d8e-983c-f116ce7353b3|50d19235-eaa1-4b21-9881-270b8a17f53b|04/24/2017|19:38:48|9038.491606276795|None
38d518d9-1324-4f33-90ca-fa39c41c63ce|2413d390-4e9f-4d8e-983c-f116ce7353b3|ca901255-901c-4632-b95e-7c8c07584b81|08/24/2017|19:38:51|9038.491606276795|None
f05e75cd-ad7b-42a5-b673-7df0b63c1736|2413d390-4e9f-4d8e-983c-f116ce7353b3|315fb7e2-7787-403c-a36e-9edae7089d95|12/24/2017|19:38:54|9038.491606276795|None
bf8442fd-bd1d-44aa-abd9-4251e2af44b3|50d19235-eaa1-4b21-9881-270b8a17f53b|edb54944-c4f6-4d0d-8984-5999df05285f|16/24/2017|19:38:57|1126.9463340458622|None
9791f460-07b5-4180-b5d6-d42635797138|50d19235-eaa1-4b21-9881-270b8a17f53b|937cf924-a354-4535-b61d-91864771f4f3|20/24/2017|19:38:57|1126.9463340458622|None
2a2c6ca7-3fb0-4292-a871-a8e1a9489491|50d19235-eaa1-4b21-9881-270b8a17f53b|922639bb-81d1-4b48-85cf-2dbc9f6ccf8b|24/24/2017|19:38:57|1126.9463340458622|None
4d747e63-2ad6-486d-91e9-9f813216ecf9|50d19235-eaa1-4b21-9881-270b8a17f53b|d42913d1-ffa7-4d27-a30e-19fd0c3cdd4a|24/24/2017|19:38:57|1126.9463340458622|None
6130143a-a485-4f36-b7f5-e3d3709c9fd0|50d19235-eaa1-4b21-9881-270b8a17f53b|db764ec2-70f2-47d3-bb6f-ad838ae546fe|24/24/2017|19:38:57|1126.9463340458622|BOB
c2fefad9-4798-4ee5-a9a1-ec063083df26|50d19235-eaa1-4b21-9881-270b8a17f53b|8aa84f40-356f-4ed4-b692-f1578e4b66ce|24/24/2017|19:38:57|1126.9463340458622|None
8b656c16-cfda-4ea2-969e-477bc4c691df|50d19235-eaa1-4b21-9881-270b8a17f53b|119b06b6-eb13-40e6-bd98-da08fea3b3c5|24/24/2017|19:38:57|1126.9463340458622|None
43bf6715-13aa-4d52-8f34-91151e356db9|50d19235-eaa1-4b21-9881-270b8a17f53b|9306eb53-68b8-4ef7-b53f-6fc8e2f29e1b|24/24/2017|19:38:57|1126.9463340458622|None
0da111ca-879e-492c-a9c6-33d39a1b9109|ca901255-901c-4632-b95e-7c8c07584b81|edb54944-c4f6-4d0d-8984-5999df05285f|24/24/2017|19:38:57|1126.9463340458622|None
89117443-037c-47ac-ab01-4566fc2ea408|ca901255-901c-4632-b95e-7c8c07584b81|937cf924-a354-4535-b61d-91864771f4f3|24/24/2017|19:38:57|1126.9463340458622|None
4b139355-3ac6-4389-886a-e79a934a105e|ca901255-901c-4632-b95e-7c8c07584b81|922639bb-81d1-4b48-85cf-2dbc9f6ccf8b|24/24/2017|19:38:57|1126.9463340458622|None
71f58ea3-9cc9-4f1e-9b79-26fa15757f95|ca901255-901c-4632-b95e-7c8c07584b81|d42913d1-ffa7-4d27-a30e-19fd0c3cdd4a|24/24/2017|19:38:57|1126.9463340458622|None
e0ec8ca9-96b1-406d-a1b2-440b95efc6e4|ca901255-901c-4632-b95e-7c8c07584b81|db764ec2-70f2-47d3-bb6f-ad838ae546fe|24/24/2017|19:38:57|1126.9463340458622|XUA
5f5ba4b6-032e-439f-aec7-4ccf54327bdf|ca901255-901c-4632-b95e-7c8c07584b81|8aa84f40-356f-4ed4-b692-f1578e4b66ce|24/24/2017|19:38:57|1126.9463340458622|None
4ecd68fa-a9cd-4eda-a7b9-5c77b10cc367|ca901255-901c-4632-b95e-7c8c07584b81|119b06b6-eb13-40e6-bd98-da08fea3b3c5|24/24/2017|19:38:57|1126.9463340458622|STD
68144700-0ca6-4cb5-b515-cff70574d050|ca901255-901c-4632-b95e-7c8c07584b81|9306eb53-68b8-4ef7-b53f-6fc8e2f29e1b|24/24/2017|19:38:57|1126.9463340458622|None
60059349-c46c-4c7f-8e76-4af26d0609b9|315fb7e2-7787-403c-a36e-9edae7089d95|edb54944-c4f6-4d0d-8984-5999df05285f|24/24/2017|19:38:57|1126.9463340458622|XUA
563135b7-5347-4687-a4f5-dc6940103b1a|315fb7e2-7787-403c-a36e-9edae7089d95|937cf924-a354-4535-b61d-91864771f4f3|24/24/2017|19:38:57|1126.9463340458622|None
3b4ff030-bf45-49ed-a730-03657b7c7651|315fb7e2-7787-403c-a36e-9edae7089d95|922639bb-81d1-4b48-85cf-2dbc9f6ccf8b|24/24/2017|19:38:57|1126.9463340458622|None
e44a7b2f-d6da-4410-8e13-e0240b3a20e5|315fb7e2-7787-403c-a36e-9edae7089d95|d42913d1-ffa7-4d27-a30e-19fd0c3cdd4a|24/24/2017|19:38:57|1126.9463340458622|None
0577f73a-f7b9-4893-a0e4-f35d9eacd73e|315fb7e2-7787-403c-a36e-9edae7089d95|db764ec2-70f2-47d3-bb6f-ad838ae546fe|24/24/2017|19:38:57|1126.9463340458622|None
4d652239-0f1e-4e6f-a3ae-fa15139c1353|315fb7e2-7787-403c-a36e-9edae7089d95|8aa84f40-356f-4ed4-b692-f1578e4b66ce|24/24/2017|19:38:57|1126.9463340458622|None
aa154548-f0c3-4c2f-9533-09d5f9be90ee|315fb7e2-7787-403c-a36e-9edae7089d95|119b06b6-eb13-40e6-bd98-da08fea3b3c5|24/24/2017|19:38:57|1126.9463340458622|None
df84ce82-a0d0-4c46-9ce8-7b5e1b460ce6|315fb7e2-7787-403c-a36e-9edae7089d95|9306eb53-68b8-4ef7-b53f-6fc8e2f29e1b|24/24/2017|19:38:57|1126.9463340458622|None
413e5240-f2f9-4041-8b6f-e11bad4ce7f2|edb54944-c4f6-4d0d-8984-5999df05285f|acd4db1c-ef6b-47c3-ae71-41997807000d|24/24/2017|00:02:32|3380.8390021375862|XBB
9d9ced17-6f4b-4fe0-8755-c4343e000410|937cf924-a354-4535-b61d-91864771f4f3|acd4db1c-ef6b-47c3-ae71-41997807000d|24/24/2017|04:28:58|3380.8390021375862|None
f556091a-420a-4f82-9bae-ba838024946c|922639bb-81d1-4b48-85cf-2dbc9f6ccf8b|acd4db1c-ef6b-47c3-ae71-41997807000d|24/24/2017|10:19:25|3380.8390021375862|None
8937c85c-ea07-4f8e-9a9d-b3cc99ba1826|d42913d1-ffa7-4d27-a30e-19fd0c3cdd4a|acd4db1c-ef6b-47c3-ae71-41997807000d|24/24/2017|22:07:09|3380.8390021375862|None
33b61e61-29c9-440b-b206-a99b58bf8568|db764ec2-70f2-47d3-bb6f-ad838ae546fe|acd4db1c-ef6b-47c3-ae71-41997807000d|24/24/2017|13:52:27|3380.8390021375862|None
8e2409ca-e160-443a-af81-b71562cce2fb|8aa84f40-356f-4ed4-b692-f1578e4b66ce|acd4db1c-ef6b-47c3-ae71-41997807000d|24/24/2017|17:48:20|3380.8390021375862|None
b144c169-4737-4df2-85fb-8f1a6a879ce9|119b06b6-eb13-40e6-bd98-da08fea3b3c5|acd4db1c-ef6b-47c3-ae71-41997807000d|24/24/2017|09:01:18|3380.8390021375862|None
052451ae-2033-47d2-9c48-a29a82500698|9306eb53-68b8-4ef7-b53f-6fc8e2f29e1b|acd4db1c-ef6b-47c3-ae71-41997807000d|24/24/2017|11:35:33|3380.8390021375862|None
f6f31bec-ebdd-442c-8335-f74146e491a6|b7f8aa91-0a03-47d5-a2a9-062c492ec180|06788683-5a1d-467f-96de-dc4e70bdbe70|09/19/2016|01:37:00|19458.080352092773|None
c2d7eaf7-ef9b-470a-991c-133eff62ef6c|b7f8aa91-0a03-47d5-a2a9-062c492ec180|172f3d30-2105-48f0-9350-bceccba9f34c|12/19/2016|03:37:32|19458.080352092773|None
4490aa94-43c2-4b8c-9eac-c5db946b38a2|b7f8aa91-0a03-47d5-a2a9-062c492ec180|922639bb-81d1-4b48-85cf-2dbc9f6ccf8b|15/19/2016|05:37:32|19458.080352092773|None
cb524cbb-d441-40d2-a228-5e79c5a7ccfa|b7f8aa91-0a03-47d5-a2a9-062c492ec180|df0c7b13-07a3-425e-b307-3d9db89c7bc7|18/19/2016|07:37:32|19458.080352092773|None
ffeef32a-39dc-4bca-9480-66efae0a3aff|b7f8aa91-0a03-47d5-a2a9-062c492ec180|21bea448-4f89-4609-831e-36136edecb27|21/19/2016|09:37:32|19458.080352092773|None
6b00495d-1875-48bc-aa1e-855a4f690791|06788683-5a1d-467f-96de-dc4e70bdbe70|7045a35c-20b6-402c-bb75-b6404ce7c8a4|24/19/2016|11:37:32|3246.0839885465844|None
864e870d-4d14-46bf-8047-45826c76fe96|06788683-5a1d-467f-96de-dc4e70bdbe70|62f3f3cb-8d7f-41b6-9ddd-5f710e323637|27/19/2016|13:37:32|3246.0839885465844|None
451915d3-6bba-4b5c-b10f-377efe9cd5d8|06788683-5a1d-467f-96de-dc4e70bdbe70|74e8a0ba-edcb-4232-bb74-38063f3a701e|27/19/2016|15:37:32|3246.0839885465844|None
3958bcc6-3265-4cfa-ad3f-57738d4fcf92|06788683-5a1d-467f-96de-dc4e70bdbe70|46a31561-26b6-468b-83eb-e57f04465466|27/19/2016|17:37:32|3246.0839885465844|None
d0b8e35f-f868-43ba-8e16-98d93f7fe5ca|06788683-5a1d-467f-96de-dc4e70bdbe70|29a5289c-5967-480e-a1f6-d7a9f353ece0|27/19/2016|19:37:32|3246.0839885465844|None
c186588e-4759-4b2b-8c05-f5bc6fed6d63|06788683-5a1d-467f-96de-dc4e70bdbe70|39be24d0-b03f-41d5-8ec6-b524540394dd|27/19/2016|21:37:32|3246.0839885465844|None
ccf045b5-6b71-4c9f-9197-beff56ce38fd|172f3d30-2105-48f0-9350-bceccba9f34c|7045a35c-20b6-402c-bb75-b6404ce7c8a4|27/19/2016|23:37:32|3246.0839885465844|None
7aaf00ec-696e-4ee6-be7c-97a6431a1278|172f3d30-2105-48f0-9350-bceccba9f34c|62f3f3cb-8d7f-41b6-9ddd-5f710e323637|27/19/2016|23:37:32|3246.0839885465844|None
19a39f65-9b75-41fc-b41c-8957202e86fd|172f3d30-2105-48f0-9350-bceccba9f34c|74e8a0ba-edcb-4232-bb74-38063f3a701e|27/19/2016|23:37:32|3246.0839885465844|None
5d1c582a-5863-4c7d-b386-c9e4dd677dc2|172f3d30-2105-48f0-9350-bceccba9f34c|46a31561-26b6-468b-83eb-e57f04465466|27/19/2016|23:37:32|3246.0839885465844|PLN
f7e9b3c3-21a4-483c-b874-7476e481ac04|172f3d30-2105-48f0-9350-bceccba9f34c|29a5289c-5967-480e-a1f6-d7a9f353ece0|27/19/2016|23:37:32|3246.0839885465844|None
229853e3-54e7-4b51-acb5-52d7095f8527|172f3d30-2105-48f0-9350-bceccba9f34c|39be24d0-b03f-41d5-8ec6-b524540394dd|27/19/2016|23:37:32|3246.0839885465844|None
0dbe6b6d-c642-496b-b860-42682f2766b7|922639bb-81d1-4b48-85cf-2dbc9f6ccf8b|7045a35c-20b6-402c-bb75-b6404ce7c8a4|27/19/2016|23:37:32|3246.0839885465844|NAD
37cb3bab-2d73-4079-90ed-bd1f043b846a|922639bb-81d1-4b48-85cf-2dbc9f6ccf8b|62f3f3cb-8d7f-41b6-9ddd-5f710e323637|27/19/2016|23:37:32|3246.0839885465844|None
4d41afdd-de6b-4cc0-a773-4a4c88056664|922639bb-81d1-4b48-85cf-2dbc9f6ccf8b|74e8a0ba-edcb-4232-bb74-38063f3a701e|27/19/2016|23:37:32|3246.0839885465844|None
c30dd52f-b2f9-4a4f-bf4c-c6447eac2862|922639bb-81d1-4b48-85cf-2dbc9f6ccf8b|46a31561-26b6-468b-83eb-e57f04465466|27/19/2016|23:37:32|3246.0839885465844|SGD
91b134b7-b327-404c-8563-f1d9cb6e1279|922639bb-81d1-4b48-85cf-2dbc9f6ccf8b|29a5289c-5967-480e-a1f6-d7a9f353ece0|27/19/2016|23:37:32|3246.0839885465844|LSL
d4cddce8-e32d-4058-9bc7-343bc1574403|922639bb-81d1-4b48-85cf-2dbc9f6ccf8b|39be24d0-b03f-41d5-8ec6-b524540394dd|27/19/2016|23:37:32|3246.0839885465844|None
93878135-d98f-43f0-956a-141eab51aa9c|df0c7b13-07a3-425e-b307-3d9db89c7bc7|7045a35c-20b6-402c-bb75-b6404ce7c8a4|27/19/2016|23:37:32|3246.0839885465844|None
d153ee62-bf01-46b3-b354-580d6fffdd6d|df0c7b13-07a3-425e-b307-3d9db89c7bc7|62f3f3cb-8d7f-41b6-9ddd-5f710e323637|27/19/2016|23:37:32|3246.0839885465844|None
49492eb0-6dbd-4514-b4a9-e5c3a060e78e|df0c7b13-07a3-425e-b307-3d9db89c7bc7|74e8a0ba-edcb-4232-bb74-38063f3a701e|27/19/2016|23:37:32|3246.0839885465844|None
38dbbe84-27b9-4391-b186-026a3cb3ebee|df0c7b13-07a3-425e-b307-3d9db89c7bc7|46a31561-26b6-468b-83eb-e57f04465466|27/19/2016|23:37:32|3246.0839885465844|None
c19fe1ab-bea4-4931-97da-a28e7bb91156|df0c7b13-07a3-425e-b307-3d9db89c7bc7|29a5289c-5967-480e-a1f6-d7a9f353ece0|27/19/2016|23:37:32|3246.0839885465844|None
640e1293-1fce-4600-9fd9-e7a7f5b58a04|df0c7b13-07a3-425e-b307-3d9db89c7bc7|39be24d0-b03f-41d5-8ec6-b524540394dd|27/19/2016|23:37:32|3246.0839885465844|None
5cc582fb-9add-43e6-a88f-cfc151bfa737|21bea448-4f89-4609-831e-36136edecb27|7045a35c-20b6-402c-bb75-b6404ce7c8a4|27/19/2016|23:37:32|3246.0839885465844|None
922b92c5-d912-44de-aafa-e7d83bf246e5|21bea448-4f89-4609-831e-36136edecb27|62f3f3cb-8d7f-41b6-9ddd-5f710e323637|27/19/2016|23:37:32|3246.0839885465844|None
2821dc32-a941-4962-b0f1-f61638bf7d2d|21bea448-4f89-4609-831e-36136edecb27|74e8a0ba-edcb-4232-bb74-38063f3a701e|27/19/2016|23:37:32|3246.0839885465844|AWG
b743e862-ccf1-40a6-8472-7c6e44b0dcdd|21bea448-4f89-4609-831e-36136edecb27|46a31561-26b6-468b-83eb-e57f04465466|27/19/2016|23:37:32|3246.0839885465844|None
527d25bb-df75-4e17-8970-0f758454cc92|21bea448-4f89-4609-831e-36136edecb27|29a5289c-5967-480e-a1f6-d7a9f353ece0|27/19/2016|23:37:32|3246.0839885465844|MDL
56b6767c-f902-41af-8b01-103f83d60772|21bea448-4f89-4609-831e-36136edecb27|39be24d0-b03f-41d5-8ec6-b524540394dd|27/19/2016|23:37:32|3246.0839885465844|None
ff1a4016-a1d8-4d72-9676-f1a38e883755|7045a35c-20b6-402c-bb75-b6404ce7c8a4|4b9af4cd-a63f-4b09-8776-0c2c815a1136|27/19/2016|23:37:32|4062.036271674542|None
d9ed6901-d822-4adc-a58a-8c5e4ac2208d|7045a35c-20b6-402c-bb75-b6404ce7c8a4|b7ef7dff-2810-4183-ada2-e6349b0a9a4f|27/19/2016|23:37:32|4062.036271674542|None
c41770e9-d2bd-4b02-8cd8-d5cc5509c5be|7045a35c-20b6-402c-bb75-b6404ce7c8a4|899da0ec-347b-4eda-84b8-b39be8fb9b85|27/19/2016|23:37:32|4062.036271674542|None
06898e97-ed49-4980-9fe2-0646580987b8|7045a35c-20b6-402c-bb75-b6404ce7c8a4|edb54944-c4f6-4d0d-8984-5999df05285f|27/19/2016|23:37:32|4062.036271674542|None
37b79e0d-d3a9-4f57-9611-9473b75a18e5|62f3f3cb-8d7f-41b6-9ddd-5f710e323637|4b9af4cd-a63f-4b09-8776-0c2c815a1136|27/19/2016|23:37:32|4062.036271674542|None
eda794ba-a242-498d-b009-8a33f0c70027|62f3f3cb-8d7f-41b6-9ddd-5f710e323637|b7ef7dff-2810-4183-ada2-e6349b0a9a4f|27/19/2016|23:37:32|4062.036271674542|None
c00d431a-e728-4a91-8366-19aa6ffc4acb|62f3f3cb-8d7f-41b6-9ddd-5f710e323637|899da0ec-347b-4eda-84b8-b39be8fb9b85|27/19/2016|23:37:32|4062.036271674542|None
2c50f113-6946-4771-94d7-508b346d85ce|62f3f3cb-8d7f-41b6-9ddd-5f710e323637|edb54944-c4f6-4d0d-8984-5999df05285f|27/19/2016|23:37:32|4062.036271674542|None
bfd10e64-ceb5-49b7-8e42-d9a67ce1f035|74e8a0ba-edcb-4232-bb74-38063f3a701e|4b9af4cd-a63f-4b09-8776-0c2c815a1136|27/19/2016|23:37:32|4062.036271674542|None
74b3e933-8671-4577-98b6-7e6c3070d0ae|74e8a0ba-edcb-4232-bb74-38063f3a701e|b7ef7dff-2810-4183-ada2-e6349b0a9a4f|27/19/2016|23:37:32|4062.036271674542|AWG
93605279-7b65-4203-8c90-f5dc5e384e54|74e8a0ba-edcb-4232-bb74-38063f3a701e|899da0ec-347b-4eda-84b8-b39be8fb9b85|27/19/2016|23:37:32|4062.036271674542|None
d6b6ddb0-34c8-4be9-a8fe-85278a947847|74e8a0ba-edcb-4232-bb74-38063f3a701e|edb54944-c4f6-4d0d-8984-5999df05285f|27/19/2016|23:37:32|4062.036271674542|None
708b069f-67e7-44dc-83ad-492f946de66c|46a31561-26b6-468b-83eb-e57f04465466|4b9af4cd-a63f-4b09-8776-0c2c815a1136|27/19/2016|23:37:32|4062.036271674542|None
23930011-9422-4279-a0f1-633684250328|46a31561-26b6-468b-83eb-e57f04465466|b7ef7dff-2810-4183-ada2-e6349b0a9a4f|27/19/2016|23:37:32|4062.036271674542|None
c7b676f1-2171-4b90-af51-292b84b636e6|46a31561-26b6-468b-83eb-e57f04465466|899da0ec-347b-4eda-84b8-b39be8fb9b85|27/19/2016|23:37:32|4062.036271674542|None
6b5e5d9e-4c60-405e-8cb4-445a3f8b3c34|46a31561-26b6-468b-83eb-e57f04465466|edb54944-c4f6-4d0d-8984-5999df05285f|27/19/2016|23:37:32|4062.036271674542|None
92f21997-50f0-4acb-a903-a433d640b88a|29a5289c-5967-480e-a1f6-d7a9f353ece0|4b9af4cd-a63f-4b09-8776-0c2c815a1136|27/19/2016|23:37:32|4062.036271674542|None
4ba89f3f-5c49-4ffe-9189-d4a9ef7388fa|29a5289c-5967-480e-a1f6-d7a9f353ece0|b7ef7dff-2810-4183-ada2-e6349b0a9a4f|27/19/2016|23:37:32|4062.036271674542|EUR
4e620aaf-bb71-4cc6-a5f6-88dadf138107|29a5289c-5967-480e-a1f6-d7a9f353ece0|899da0ec-347b-4eda-84b8-b39be8fb9b85|27/19/2016|23:37:32|4062.036271674542|None
e5b9dd70-affa-425e-97f9-620c10ab65df|29a5289c-5967-480e-a1f6-d7a9f353ece0|edb54944-c4f6-4d0d-8984-5999df05285f|27/19/2016|23:37:32|4062.036271674542|None
b8dcc0f8-7c66-4f80-baa6-7a2a100d9f9d|39be24d0-b03f-41d5-8ec6-b524540394dd|4b9af4cd-a63f-4b09-8776-0c2c815a1136|27/19/2016|23:37:32|4062.036271674542|None
7279e8e6-a4c9-44f1-aade-2202d7e63cc1|39be24d0-b03f-41d5-8ec6-b524540394dd|b7ef7dff-2810-4183-ada2-e6349b0a9a4f|27/19/2016|23:37:32|4062.036271674542|None
daa3335e-49b4-495e-9e2a-639fce36274e|39be24d0-b03f-41d5-8ec6-b524540394dd|899da0ec-347b-4eda-84b8-b39be8fb9b85|27/19/2016|23:37:32|4062.036271674542|None
f6792135-59ac-4115-bdc2-4f436620c1af|39be24d0-b03f-41d5-8ec6-b524540394dd|edb54944-c4f6-4d0d-8984-5999df05285f|27/19/2016|23:37:32|4062.036271674542|None
1d2575a6-f184-4d39-9679-cc8a81da8bfd|4b9af4cd-a63f-4b09-8776-0c2c815a1136|0f0481f0-2eea-4ede-9960-1f0ee12e035f|27/19/2016|23:37:32|4880.373452927439|EUR
4098ade1-fd70-4138-8666-536b12f2ccbe|4b9af4cd-a63f-4b09-8776-0c2c815a1136|648e137a-2cb8-470d-8614-c136ede06350|27/19/2016|23:37:32|4880.373452927439|None
48d1b4cb-d844-4b69-8055-fdbd95c686e6|4b9af4cd-a63f-4b09-8776-0c2c815a1136|f90a482b-8dff-47ff-9fae-6b5f5e8f7b72|27/19/2016|23:37:32|4880.373452927439|None
8f6c1a32-a69c-4cb5-8ed5-16a0466367e2|4b9af4cd-a63f-4b09-8776-0c2c815a1136|13736a99-d260-491c-8a84-b57ff85a9ad4|27/19/2016|23:37:32|4880.373452927439|None
aaa317dc-8378-40df-ba0b-9afa0904550c|4b9af4cd-a63f-4b09-8776-0c2c815a1136|2413d390-4e9f-4d8e-983c-f116ce7353b3|27/19/2016|23:37:32|4880.373452927439|None
11e5deb1-9929-4acb-a577-328b8396a0fe|b7ef7dff-2810-4183-ada2-e6349b0a9a4f|0f0481f0-2eea-4ede-9960-1f0ee12e035f|27/19/2016|23:37:32|4880.373452927439|None
431d28ba-3b39-4c44-8e11-0049068156e2|b7ef7dff-2810-4183-ada2-e6349b0a9a4f|648e137a-2cb8-470d-8614-c136ede06350|27/19/2016|23:37:32|4880.373452927439|None
663fa29d-d42b-402d-b95e-a7a84160c451|b7ef7dff-2810-4183-ada2-e6349b0a9a4f|f90a482b-8dff-47ff-9fae-6b5f5e8f7b72|27/19/2016|23:37:32|4880.373452927439|MZN
5c594ad0-33ff-47da-b392-be491be2dd55|b7ef7dff-2810-4183-ada2-e6349b0a9a4f|13736a99-d260-491c-8a84-b57ff85a9ad4|27/19/2016|23:37:32|4880.373452927439|None
7a236784-c5ce-4f14-8eba-942a89b5f8a2|b7ef7dff-2810-4183-ada2-e6349b0a9a4f|2413d390-4e9f-4d8e-983c-f116ce7353b3|27/19/2016|23:37:32|4880.373452927439|None
d8bd0385-8128-4c63-8852-330bb73da915|899da0ec-347b-4eda-84b8-b39be8fb9b85|0f0481f0-2eea-4ede-9960-1f0ee12e035f|27/19/2016|23:37:32|4880.373452927439|None
ac664872-c796-45d7-9537-4ec9ccf4d322|899da0ec-347b-4eda-84b8-b39be8fb9b85|648e137a-2cb8-470d-8614-c136ede06350|27/19/2016|23:37:32|4880.373452927439|None
3fe81bea-ec4c-4b03-84f8-4d3cf461c741|899da0ec-347b-4eda-84b8-b39be8fb9b85|f90a482b-8dff-47ff-9fae-6b5f5e8f7b72|27/19/2016|23:37:32|4880.373452927439|None
5122405c-dc49-4ca8-9260-e121325ac788|899da0ec-347b-4eda-84b8-b39be8fb9b85|13736a99-d260-491c-8a84-b57ff85a9ad4|27/19/2016|23:37:32|4880.373452927439|None
11066442-51fc-4880-92a7-46aca2862167|899da0ec-347b-4eda-84b8-b39be8fb9b85|2413d390-4e9f-4d8e-983c-f116ce7353b3|27/19/2016|23:37:32|4880.373452927439|None
9870a08e-67d1-4746-b0e4-dfd3389ec174|edb54944-c4f6-4d0d-8984-5999df05285f|0f0481f0-2eea-4ede-9960-1f0ee12e035f|27/19/2016|23:37:32|4880.373452927439|None
bd4cc551-e462-4045-9178-3fd0d0d56f55|edb54944-c4f6-4d0d-8984-5999df05285f|648e137a-2cb8-470d-8614-c136ede06350|27/19/2016|23:37:32|4880.373452927439|CZK
260b6830-c4d2-4f8e-b7a6-d8687a97c7b6|edb54944-c4f6-4d0d-8984-5999df05285f|f90a482b-8dff-47ff-9fae-6b5f5e8f7b72|27/19/2016|23:37:32|4880.373452927439|None
85e39b97-0bb9-4bce-ad69-92911824a8f9|edb54944-c4f6-4d0d-8984-5999df05285f|13736a99-d260-491c-8a84-b57ff85a9ad4|27/19/2016|23:37:32|4880.373452927439|None
a9db894b-d2b0-4fa1-a1b4-57a11b6c507b|edb54944-c4f6-4d0d-8984-5999df05285f|2413d390-4e9f-4d8e-983c-f116ce7353b3|27/19/2016|23:37:32|4880.373452927439|None
ce44b9c5-a3c3-4c13-9004-4935b3b9c785|0f0481f0-2eea-4ede-9960-1f0ee12e035f|40cbb561-a6ec-45bb-85f1-2900c12bbcd6|27/19/2016|23:37:32|2631.2920493071474|None
61c5c2fa-92ec-4675-888d-0ebf9c22aa0a|0f0481f0-2eea-4ede-9960-1f0ee12e035f|06ee5879-9359-439d-86e2-dd18496532ce|27/19/2016|23:37:32|2631.2920493071474|None
5af37624-b0a3-464e-a3b9-534eb98bc402|0f0481f0-2eea-4ede-9960-1f0ee12e035f|e8712523-2900-4e9e-90e2-296888bdae0a|27/19/2016|23:37:32|2631.2920493071474|None
eab29dd6-8288-46e2-bdd8-3ad12adb6b97|0f0481f0-2eea-4ede-9960-1f0ee12e035f|dbf4530e-b04b-4b66-895b-14113bb5d266|27/19/2016|23:37:32|2631.2920493071474|UAH
45d3e069-af5f-4aa2-8bd9-c0667f101ab7|0f0481f0-2eea-4ede-9960-1f0ee12e035f|d42913d1-ffa7-4d27-a30e-19fd0c3cdd4a|27/19/2016|23:37:32|2631.2920493071474|None
b7289ea8-f62a-4a30-972b-39ab82fea776|0f0481f0-2eea-4ede-9960-1f0ee12e035f|aa1f2cc7-084e-41fd-90bb-3d508591238f|27/19/2016|23:37:32|2631.2920493071474|None
0aa7bcd2-13ce-454e-b12f-ed8b29c2fbec|0f0481f0-2eea-4ede-9960-1f0ee12e035f|1cdbdc5f-efdb-4d8c-8ce8-a25efb8bb75e|27/19/2016|23:37:32|2631.2920493071474|None
07102d59-bc10-4330-829d-15e775493ec8|648e137a-2cb8-470d-8614-c136ede06350|40cbb561-a6ec-45bb-85f1-2900c12bbcd6|27/19/2016|23:37:32|2631.2920493071474|None
04d66e04-44cd-4769-b09d-2fd701e868a5|648e137a-2cb8-470d-8614-c136ede06350|06ee5879-9359-439d-86e2-dd18496532ce|27/19/2016|23:37:32|2631.2920493071474|None
12787b51-bf39-497f-8421-1daa7a37402b|648e137a-2cb8-470d-8614-c136ede06350|e8712523-2900-4e9e-90e2-296888bdae0a|27/19/2016|23:37:32|2631.2920493071474|None
99628a84-e30b-4b02-a113-5650c5f9542c|648e137a-2cb8-470d-8614-c136ede06350|dbf4530e-b04b-4b66-895b-14113bb5d266|27/19/2016|23:37:32|2631.2920493071474|None
48fe6f15-be6d-45da-aa88-3a68b24437aa|648e137a-2cb8-470d-8614-c136ede06350|d42913d1-ffa7-4d27-a30e-19fd0c3cdd4a|27/19/2016|23:37:32|2631.2920493071474|TJS
b01e9d8b-85b3-438a-b407-d63be8f74461|648e137a-2cb8-470d-8614-c136ede06350|aa1f2cc7-084e-41fd-90bb-3d508591238f|27/19/2016|23:37:32|2631.2920493071474|None
01400ecb-1dcf-498e-b781-4b4818c35553|648e137a-2cb8-470d-8614-c136ede06350|1cdbdc5f-efdb-4d8c-8ce8-a25efb8bb75e|27/19/2016|23:37:32|2631.2920493071474|None
9946d279-3eca-4b2b-96a0-76d421ee13f8|f90a482b-8dff-47ff-9fae-6b5f5e8f7b72|40cbb561-a6ec-45bb-85f1-2900c12bbcd6|27/19/2016|23:37:32|2631.2920493071474|None
39853377-643b-42e3-a40a-6fd76e8d2ba5|f90a482b-8dff-47ff-9fae-6b5f5e8f7b72|06ee5879-9359-439d-86e2-dd18496532ce|27/19/2016|23:37:32|2631.2920493071474|None
c2a14d4d-5bc9-43ed-8581-98795d650ee1|f90a482b-8dff-47ff-9fae-6b5f5e8f7b72|e8712523-2900-4e9e-90e2-296888bdae0a|27/19/2016|23:37:32|2631.2920493071474|CZK
213833b0-f8a0-4ef4-aeb5-fa050773ae6b|f90a482b-8dff-47ff-9fae-6b5f5e8f7b72|dbf4530e-b04b-4b66-895b-14113bb5d266|27/19/2016|23:37:32|2631.2920493071474|NAD
54503363-4177-4f0b-9326-a6590a3073fb|f90a482b-8dff-47ff-9fae-6b5f5e8f7b72|d42913d1-ffa7-4d27-a30e-19fd0c3cdd4a|27/19/2016|23:37:32|2631.2920493071474|None
fdcf7324-d5a6-42bb-bfa5-ed1ae0fed736|f90a482b-8dff-47ff-9fae-6b5f5e8f7b72|aa1f2cc7-084e-41fd-90bb-3d508591238f|27/19/2016|23:37:32|2631.2920493071474|None
035d6644-3534-4e3b-b9e7-0e881e14f245|f90a482b-8dff-47ff-9fae-6b5f5e8f7b72|1cdbdc5f-efdb-4d8c-8ce8-a25efb8bb75e|27/19/2016|23:37:32|2631.2920493071474|None
a8c24e30-40b8-461d-8e75-b8c261a3df58|13736a99-d260-491c-8a84-b57ff85a9ad4|40cbb561-a6ec-45bb-85f1-2900c12bbcd6|27/19/2016|23:37:32|2631.2920493071474|MDL
e28ad2af-cbcf-45dd-a6b9-961c063c26a8|13736a99-d260-491c-8a84-b57ff85a9ad4|06ee5879-9359-439d-86e2-dd18496532ce|27/19/2016|23:37:32|2631.2920493071474|None
ada8764c-a85f-48ea-92bf-f27aca998f60|13736a99-d260-491c-8a84-b57ff85a9ad4|e8712523-2900-4e9e-90e2-296888bdae0a|27/19/2016|23:37:32|2631.2920493071474|None
dad4c48c-926f-4261-a4a5-deb9beb954a0|13736a99-d260-491c-8a84-b57ff85a9ad4|dbf4530e-b04b-4b66-895b-14113bb5d266|27/19/2016|23:37:32|2631.2920493071474|None
d3610958-656c-4336-9006-9fe867e91775|13736a99-d260-491c-8a84-b57ff85a9ad4|d42913d1-ffa7-4d27-a30e-19fd0c3cdd4a|27/19/2016|23:37:32|2631.2920493071474|None
1ffa04df-e923-4def-b0c8-3903ed65a9dd|13736a99-d260-491c-8a84-b57ff85a9ad4|aa1f2cc7-084e-41fd-90bb-3d508591238f|27/19/2016|23:37:32|2631.2920493071474|None
8e05b7d7-d900-4611-9bf5-1495af7176d5|13736a99-d260-491c-8a84-b57ff85a9ad4|1cdbdc5f-efdb-4d8c-8ce8-a25efb8bb75e|27/19/2016|23:37:32|2631.2920493071474|None
f713c35d-68bd-4feb-a1d5-498f8384ff3b|2413d390-4e9f-4d8e-983c-f116ce7353b3|40cbb561-a6ec-45bb-85f1-2900c12bbcd6|27/19/2016|23:37:32|2631.2920493071474|FKP
d1d113f2-ba3e-4610-8411-baafc284abf9|2413d390-4e9f-4d8e-983c-f116ce7353b3|06ee5879-9359-439d-86e2-dd18496532ce|27/19/2016|23:37:32|2631.2920493071474|None
c5bedbc1-a445-4eab-ac2f-8b7398265980|2413d390-4e9f-4d8e-983c-f116ce7353b3|e8712523-2900-4e9e-90e2-296888bdae0a|27/19/2016|23:37:32|2631.2920493071474|SDG
95ff3007-0960-43b4-9eb4-0f802ff917f8|2413d390-4e9f-4d8e-983c-f116ce7353b3|dbf4530e-b04b-4b66-895b-14113bb5d266|27/19/2016|23:37:32|2631.2920493071474|ZWL
a493ac61-fbb5-4c01-8f19-bc332b5d8e26|2413d390-4e9f-4d8e-983c-f116ce7353b3|d42913d1-ffa7-4d27-a30e-19fd0c3cdd4a|27/19/2016|23:37:32|2631.2920493071474|None
5c36b9f8-eca7-46c7-8e10-77f8904516a4|2413d390-4e9f-4d8e-983c-f116ce7353b3|aa1f2cc7-084e-41fd-90bb-3d508591238f|27/19/2016|23:37:32|2631.2920493071474|None
8775a367-6be3-4cb7-8944-f3adb893cdc0|2413d390-4e9f-4d8e-983c-f116ce7353b3|1cdbdc5f-efdb-4d8c-8ce8-a25efb8bb75e|27/19/2016|23:37:32|2631.2920493071474|None
9ee5995c-bcc3-43fb-ad42-78f198fb2fa7|40cbb561-a6ec-45bb-85f1-2900c12bbcd6|378d7797-e655-4faf-9b00-bc8ee2cdf729|27/19/2016|08:08:08|13156.460246535737|None
4a8fab11-ad09-409a-994e-2c7cfb870db9|06ee5879-9359-439d-86e2-dd18496532ce|378d7797-e655-4faf-9b00-bc8ee2cdf729|27/19/2016|04:47:45|13156.460246535737|None
0d1cb718-d845-4d1b-9648-1a8e404bde17|e8712523-2900-4e9e-90e2-296888bdae0a|378d7797-e655-4faf-9b00-bc8ee2cdf729|27/19/2016|13:41:49|13156.460246535737|None
99f7af25-834d-41a9-98f8-dff342e5085a|dbf4530e-b04b-4b66-895b-14113bb5d266|378d7797-e655-4faf-9b00-bc8ee2cdf729|27/19/2016|05:44:28|13156.460246535737|None
7fe99241-c311-48fc-8b4a-5f756f636edd|d42913d1-ffa7-4d27-a30e-19fd0c3cdd4a|378d7797-e655-4faf-9b00-bc8ee2cdf729|27/19/2016|08:07:21|13156.460246535737|None
39d172fb-cd59-46d0-ad99-e5bd0f5e280a|aa1f2cc7-084e-41fd-90bb-3d508591238f|378d7797-e655-4faf-9b00-bc8ee2cdf729|27/19/2016|06:26:11|13156.460246535737|None
9220cd47-3095-4069-847a-1d60744e4f7d|1cdbdc5f-efdb-4d8c-8ce8-a25efb8bb75e|378d7797-e655-4faf-9b00-bc8ee2cdf729|27/19/2016|00:36:25|13156.460246535737|None
65dce143-334a-425a-8614-d1d7bb5c62fd|380811b8-dc19-4317-ad26-315a8be0b024|edb54944-c4f6-4d0d-8984-5999df05285f|10/13/2016|20:06:21|15975.096338564395|None
7400dc34-087f-4da8-bf57-56bb831a80ed|380811b8-dc19-4317-ad26-315a8be0b024|29a5289c-5967-480e-a1f6-d7a9f353ece0|12/13/2016|20:41:21|15975.096338564395|None
31a727d5-a83b-40e6-ad74-4e64710a7558|380811b8-dc19-4317-ad26-315a8be0b024|353c3bd0-5b29-4aca-93cf-da00ddc8f49d|14/13/2016|20:41:21|15975.096338564395|MMK
6245c5a6-6c5e-49e7-855b-c4be75471a42|380811b8-dc19-4317-ad26-315a8be0b024|422eb964-a5e0-4ee3-ad02-879ae02f0d73|16/13/2016|20:41:21|15975.096338564395|None
c929c170-e42c-40a8-b844-f64d777667ba|edb54944-c4f6-4d0d-8984-5999df05285f|c1d033d1-a78b-4e6b-bc90-81db58d80481|18/13/2016|20:41:21|3198.692654662941|ZAR
80344395-24b5-485c-9e44-fb88776bacbc|edb54944-c4f6-4d0d-8984-5999df05285f|1fdc8a11-2898-4bd4-aa8b-63b84fc1a5bf|20/13/2016|20:41:21|3198.692654662941|None
692585bd-6ee0-4be9-99d5-6ef9914fbcfd|edb54944-c4f6-4d0d-8984-5999df05285f|21bea448-4f89-4609-831e-36136edecb27|22/13/2016|20:41:21|3198.692654662941|None
53b05509-0160-4106-8eff-73f555fc0524|edb54944-c4f6-4d0d-8984-5999df05285f|ca901255-901c-4632-b95e-7c8c07584b81|24/13/2016|20:41:21|3198.692654662941|None
b092cbc0-42f8-4f71-8160-1fcc0b522d6b|edb54944-c4f6-4d0d-8984-5999df05285f|8bc72f03-1e38-48fb-a327-74cd67703917|26/13/2016|20:41:21|3198.692654662941|None
3454bb1f-9999-4a70-a01e-0e73985e4d9c|29a5289c-5967-480e-a1f6-d7a9f353ece0|c1d033d1-a78b-4e6b-bc90-81db58d80481|26/13/2016|20:41:21|3198.692654662941|None
26d78173-ba05-4e5d-a360-429734e2ea22|29a5289c-5967-480e-a1f6-d7a9f353ece0|1fdc8a11-2898-4bd4-aa8b-63b84fc1a5bf|26/13/2016|20:41:21|3198.692654662941|None
3eb5182b-e514-44fc-876a-626341e63147|29a5289c-5967-480e-a1f6-d7a9f353ece0|21bea448-4f89-4609-831e-36136edecb27|26/13/2016|20:41:21|3198.692654662941|None
d20b366d-c940-4848-870e-683c5b835c79|29a5289c-5967-480e-a1f6-d7a9f353ece0|ca901255-901c-4632-b95e-7c8c07584b81|26/13/2016|20:41:21|3198.692654662941|None
a01e9bf6-a8f9-4a55-9a06-dc6daadbe6e4|29a5289c-5967-480e-a1f6-d7a9f353ece0|8bc72f03-1e38-48fb-a327-74cd67703917|26/13/2016|20:41:21|3198.692654662941|DJF
ffe001e3-01ba-46ef-acaa-99e4cec9774e|353c3bd0-5b29-4aca-93cf-da00ddc8f49d|c1d033d1-a78b-4e6b-bc90-81db58d80481|26/13/2016|20:41:21|3198.692654662941|None
4fdc0d65-dd7e-427f-bfdf-c1d11fce389e|353c3bd0-5b29-4aca-93cf-da00ddc8f49d|1fdc8a11-2898-4bd4-aa8b-63b84fc1a5bf|26/13/2016|20:41:21|3198.692654662941|None
0eb3a144-f5ed-405c-830f-078de4909d8d|353c3bd0-5b29-4aca-93cf-da00ddc8f49d|21bea448-4f89-4609-831e-36136edecb27|26/13/2016|20:41:21|3198.692654662941|None
0223fa17-da3c-4785-a6fe-14f723330593|353c3bd0-5b29-4aca-93cf-da00ddc8f49d|ca901255-901c-4632-b95e-7c8c07584b81|26/13/2016|20:41:21|3198.692654662941|None
00d4f0ee-4352-4eb1-8205-ab5e569cc269|353c3bd0-5b29-4aca-93cf-da00ddc8f49d|8bc72f03-1e38-48fb-a327-74cd67703917|26/13/2016|20:41:21|3198.692654662941|None
d9c2bc64-b795-4a1c-aa39-3e33d26fdc1c|422eb964-a5e0-4ee3-ad02-879ae02f0d73|c1d033d1-a78b-4e6b-bc90-81db58d80481|26/13/2016|20:41:21|3198.692654662941|None
ea07b0e4-dd8a-4e16-b9c7-1a06aa45d4f6|422eb964-a5e0-4ee3-ad02-879ae02f0d73|1fdc8a11-2898-4bd4-aa8b-63b84fc1a5bf|26/13/2016|20:41:21|3198.692654662941|None
cb516d58-4629-46d8-a27f-cdca3f56f5e8|422eb964-a5e0-4ee3-ad02-879ae02f0d73|21bea448-4f89-4609-831e-36136edecb27|26/13/2016|20:41:21|3198.692654662941|None
f0918698-e7f0-40f1-8826-9a033c59e6d3|422eb964-a5e0-4ee3-ad02-879ae02f0d73|ca901255-901c-4632-b95e-7c8c07584b81|26/13/2016|20:41:21|3198.692654662941|None
12cf3494-abb5-4073-8b71-df7bf262468b|422eb964-a5e0-4ee3-ad02-879ae02f0d73|8bc72f03-1e38-48fb-a327-74cd67703917|26/13/2016|20:41:21|3198.692654662941|None
16bf4006-276c-4b0f-a1b0-85dd115a485e|c1d033d1-a78b-4e6b-bc90-81db58d80481|4875fe81-1c62-414a-833b-de4d4f750f3e|26/13/2016|20:41:21|2563.2992451108175|OMR
efc2fde0-fe6a-441d-b8c5-8d17ef7e716f|c1d033d1-a78b-4e6b-bc90-81db58d80481|5df3c42f-6ceb-40f1-9d60-00bcd8e6872e|26/13/2016|20:41:21|2563.2992451108175|None
445dc073-fd13-4b1a-ade1-6cb7ea24c4d1|c1d033d1-a78b-4e6b-bc90-81db58d80481|8aa84f40-356f-4ed4-b692-f1578e4b66ce|26/13/2016|20:41:21|2563.2992451108175|AOA
8636a324-a5e4-432e-9470-b4748f95d3ea|c1d033d1-a78b-4e6b-bc90-81db58d80481|ef8fde09-9457-411b-adde-07e71b1f8f6a|26/13/2016|20:41:21|2563.2992451108175|None
f9fbc521-0009-4d4a-934d-11ab517d5a35|c1d033d1-a78b-4e6b-bc90-81db58d80481|d7181a3f-af02-409d-bbdf-00bb874f2ced|26/13/2016|20:41:21|2563.2992451108175|JMD
34d6fa8c-8d9f-4e48-9764-f0377af5b972|1fdc8a11-2898-4bd4-aa8b-63b84fc1a5bf|4875fe81-1c62-414a-833b-de4d4f750f3e|26/13/2016|20:41:21|2563.2992451108175|None
3a973cbd-a367-4029-bcf7-ccdbb7a33803|1fdc8a11-2898-4bd4-aa8b-63b84fc1a5bf|5df3c42f-6ceb-40f1-9d60-00bcd8e6872e|26/13/2016|20:41:21|2563.2992451108175|KGS
1232b0c5-0d57-4f26-a818-7ab05667a022|1fdc8a11-2898-4bd4-aa8b-63b84fc1a5bf|8aa84f40-356f-4ed4-b692-f1578e4b66ce|26/13/2016|20:41:21|2563.2992451108175|None
68907488-b2e9-4c10-b1a6-86a78400f629|1fdc8a11-2898-4bd4-aa8b-63b84fc1a5bf|ef8fde09-9457-411b-adde-07e71b1f8f6a|26/13/2016|20:41:21|2563.2992451108175|None
a84229d5-edee-46bc-b8a6-cbfb518d2d65|1fdc8a11-2898-4bd4-aa8b-63b84fc1a5bf|d7181a3f-af02-409d-bbdf-00bb874f2ced|26/13/2016|20:41:21|2563.2992451108175|None
e63172ab-2b77-409b-a8a9-5c2d5b3d363d|21bea448-4f89-4609-831e-36136edecb27|4875fe81-1c62-414a-833b-de4d4f750f3e|26/13/2016|20:41:21|2563.2992451108175|None
e1d21141-9cf5-4aed-a025-e759dcc3c0be|21bea448-4f89-4609-831e-36136edecb27|5df3c42f-6ceb-40f1-9d60-00bcd8e6872e|26/13/2016|20:41:21|2563.2992451108175|None
034f3804-af59-49e4-9618-36c0f907ebb2|21bea448-4f89-4609-831e-36136edecb27|8aa84f40-356f-4ed4-b692-f1578e4b66ce|26/13/2016|20:41:21|2563.2992451108175|None
533edf22-1908-47a6-9496-13c221688920|21bea448-4f89-4609-831e-36136edecb27|ef8fde09-9457-411b-adde-07e71b1f8f6a|26/13/2016|20:41:21|2563.2992451108175|None
13aee71c-bc6d-4b33-9357-ab9b1e2491b3|21bea448-4f89-4609-831e-36136edecb27|d7181a3f-af02-409d-bbdf-00bb874f2ced|26/13/2016|20:41:21|2563.2992451108175|None
f3659e29-a169-4356-9f48-b45adde8c265|ca901255-901c-4632-b95e-7c8c07584b81|4875fe81-1c62-414a-833b-de4d4f750f3e|26/13/2016|20:41:21|2563.2992451108175|None
5009928c-5e87-4b5f-ac64-58f1eb781e2a|ca901255-901c-4632-b95e-7c8c07584b81|5df3c42f-6ceb-40f1-9d60-00bcd8e6872e|26/13/2016|20:41:21|2563.2992451108175|None
87c436ee-3286-4c86-a558-bc61a43bd8db|ca901255-901c-4632-b95e-7c8c07584b81|8aa84f40-356f-4ed4-b692-f1578e4b66ce|26/13/2016|20:41:21|2563.2992451108175|None
689adee3-24c3-4d26-97ce-34e23970c1f9|ca901255-901c-4632-b95e-7c8c07584b81|ef8fde09-9457-411b-adde-07e71b1f8f6a|26/13/2016|20:41:21|2563.2992451108175|PYG
75f565a5-0ea4-4115-b82c-8c3df69f90d4|ca901255-901c-4632-b95e-7c8c07584b81|d7181a3f-af02-409d-bbdf-00bb874f2ced|26/13/2016|20:41:21|2563.2992451108175|None
5385caa7-7b4c-47fd-8ad4-558f528b71cb|8bc72f03-1e38-48fb-a327-74cd67703917|4875fe81-1c62-414a-833b-de4d4f750f3e|26/13/2016|20:41:21|2563.2992451108175|None
4bf0e7de-08a4-4eaa-bc3e-28194952430b|8bc72f03-1e38-48fb-a327-74cd67703917|5df3c42f-6ceb-40f1-9d60-00bcd8e6872e|26/13/2016|20:41:21|2563.2992451108175|PAB
22929d4f-53da-4f4d-8212-4a5fefd3d2d8|8bc72f03-1e38-48fb-a327-74cd67703917|8aa84f40-356f-4ed4-b692-f1578e4b66ce|26/13/2016|20:41:21|2563.2992451108175|None
ad10340e-bf1d-4f2a-96a2-b7636d448980|8bc72f03-1e38-48fb-a327-74cd67703917|ef8fde09-9457-411b-adde-07e71b1f8f6a|26/13/2016|20:41:21|2563.2992451108175|None
9cedcdf1-ac3b-4e84-acf2-b137c2cea2c8|8bc72f03-1e38-48fb-a327-74cd67703917|d7181a3f-af02-409d-bbdf-00bb874f2ced|26/13/2016|20:41:21|2563.2992451108175|None
5f74e670-0da8-4519-9c70-d09def12cfa6|4875fe81-1c62-414a-833b-de4d4f750f3e|37850223-6a0e-4985-83ee-32a0f9bd26a8|26/13/2016|20:41:21|4281.266783548127|None
c95df796-1727-4164-abde-07a115828232|4875fe81-1c62-414a-833b-de4d4f750f3e|1cdbdc5f-efdb-4d8c-8ce8-a25efb8bb75e|26/13/2016|20:41:21|4281.266783548127|None
9f666084-0f2c-461b-90ba-b3de8f783937|4875fe81-1c62-414a-833b-de4d4f750f3e|0fe18fbd-1de2-46ed-80bd-d24dbf233590|26/13/2016|20:41:21|4281.266783548127|None
bfcadc5b-da43-4a9f-9650-bfdcec919444|5df3c42f-6ceb-40f1-9d60-00bcd8e6872e|37850223-6a0e-4985-83ee-32a0f9bd26a8|26/13/2016|20:41:21|4281.266783548127|None
fc51ce11-346c-43a4-a400-700d426b5fa4|5df3c42f-6ceb-40f1-9d60-00bcd8e6872e|1cdbdc5f-efdb-4d8c-8ce8-a25efb8bb75e|26/13/2016|20:41:21|4281.266783548127|None
c2ba2611-2c3d-4e04-960a-943bdc4dc45c|5df3c42f-6ceb-40f1-9d60-00bcd8e6872e|0fe18fbd-1de2-46ed-80bd-d24dbf233590|26/13/2016|20:41:21|4281.266783548127|None
e584d18d-ea25-4f4b-8e74-2e6b8a6091b6|8aa84f40-356f-4ed4-b692-f1578e4b66ce|37850223-6a0e-4985-83ee-32a0f9bd26a8|26/13/2016|20:41:21|4281.266783548127|None
3e094340-35a5-46df-9433-c031b4d24be6|8aa84f40-356f-4ed4-b692-f1578e4b66ce|1cdbdc5f-efdb-4d8c-8ce8-a25efb8bb75e|26/13/2016|20:41:21|4281.266783548127|None
a0858441-82f2-4cde-a933-d41c25890e22|8aa84f40-356f-4ed4-b692-f1578e4b66ce|0fe18fbd-1de2-46ed-80bd-d24dbf233590|26/13/2016|20:41:21|4281.266783548127|None
9c039c4d-75e2-4ca3-a84d-4935ef41625d|ef8fde09-9457-411b-adde-07e71b1f8f6a|37850223-6a0e-4985-83ee-32a0f9bd26a8|26/13/2016|20:41:21|4281.266783548127|None
6e7177c5-b233-400f-a190-d8d7f22136e2|ef8fde09-9457-411b-adde-07e71b1f8f6a|1cdbdc5f-efdb-4d8c-8ce8-a25efb8bb75e|26/13/2016|20:41:21|4281.266783548127|None
7728a060-ddd1-4ffc-b6e6-f01dceb92dd8|ef8fde09-9457-411b-adde-07e71b1f8f6a|0fe18fbd-1de2-46ed-80bd-d24dbf233590|26/13/2016|20:41:21|4281.266783548127|None
5d8707d6-e377-4d1f-be3e-ff4f1ac7af75|d7181a3f-af02-409d-bbdf-00bb874f2ced|37850223-6a0e-4985-83ee-32a0f9bd26a8|26/13/2016|20:41:21|4281.266783548127|None
34aea097-c275-4b57-afa1-997bad71786c|d7181a3f-af02-409d-bbdf-00bb874f2ced|1cdbdc5f-efdb-4d8c-8ce8-a25efb8bb75e|26/13/2016|20:41:21|4281.266783548127|None
f4533287-8efc-490b-bfc9-87bc23f09cc4|d7181a3f-af02-409d-bbdf-00bb874f2ced|0fe18fbd-1de2-46ed-80bd-d24dbf233590|26/13/2016|20:41:21|4281.266783548127|None
e22feaaf-ef5d-4732-85b6-4e1853ead0b5|37850223-6a0e-4985-83ee-32a0f9bd26a8|42789e71-50a4-4105-bea5-96b4b9b94c6a|26/13/2016|20:41:21|2546.1763240619816|None
b13b4da3-cf49-4bb3-ae0f-dc8c0ccd42aa|37850223-6a0e-4985-83ee-32a0f9bd26a8|3ad53189-f52c-4392-a1b2-c554d7a605c4|26/13/2016|20:41:21|2546.1763240619816|None
739144ff-8955-402f-80ac-3486308dcbac|37850223-6a0e-4985-83ee-32a0f9bd26a8|cd4aed0c-1d2e-4e05-9c27-f21dad8edb3e|26/13/2016|20:41:21|2546.1763240619816|None
37c6a1eb-5279-488a-98c7-abd5f42726aa|37850223-6a0e-4985-83ee-32a0f9bd26a8|df0c7b13-07a3-425e-b307-3d9db89c7bc7|26/13/2016|20:41:21|2546.1763240619816|None
b8697a43-9162-4616-b0fe-1e1c951cff35|37850223-6a0e-4985-83ee-32a0f9bd26a8|f7a5c449-f689-45fe-a7bd-0c5980046dc8|26/13/2016|20:41:21|2546.1763240619816|None
41428ab0-fb27-4d31-872b-fa17e093e27e|37850223-6a0e-4985-83ee-32a0f9bd26a8|cccd6c4e-9777-4673-b386-12b85bf97378|26/13/2016|20:41:21|2546.1763240619816|None
c6af161c-e488-4e9c-ab1a-8460d0a0543f|37850223-6a0e-4985-83ee-32a0f9bd26a8|922639bb-81d1-4b48-85cf-2dbc9f6ccf8b|26/13/2016|20:41:21|2546.1763240619816|None
2ce57ae9-260b-4f24-965e-cc95ffb3f8c6|37850223-6a0e-4985-83ee-32a0f9bd26a8|a7032b76-cb4e-4242-a793-281fe0bffd91|26/13/2016|20:41:21|2546.1763240619816|ZAR
ff82c8c9-8907-44f1-93b1-927aef9b7c21|1cdbdc5f-efdb-4d8c-8ce8-a25efb8bb75e|42789e71-50a4-4105-bea5-96b4b9b94c6a|26/13/2016|20:41:21|2546.1763240619816|None
ed5f471f-e1d8-4c52-b288-23eaf15e1753|1cdbdc5f-efdb-4d8c-8ce8-a25efb8bb75e|3ad53189-f52c-4392-a1b2-c554d7a605c4|26/13/2016|20:41:21|2546.1763240619816|None
c323c34f-3171-467f-9939-dfa44913c7a9|1cdbdc5f-efdb-4d8c-8ce8-a25efb8bb75e|cd4aed0c-1d2e-4e05-9c27-f21dad8edb3e|26/13/2016|20:41:21|2546.1763240619816|None
bcc26c02-4492-4966-92f9-cfa446c696b0|1cdbdc5f-efdb-4d8c-8ce8-a25efb8bb75e|df0c7b13-07a3-425e-b307-3d9db89c7bc7|26/13/2016|20:41:21|2546.1763240619816|None
cea997f2-ba07-4532-9417-e2307d60ec53|1cdbdc5f-efdb-4d8c-8ce8-a25efb8bb75e|f7a5c449-f689-45fe-a7bd-0c5980046dc8|26/13/2016|20:41:21|2546.1763240619816|None
35f696ec-1a6c-4125-b544-f72fde244355|1cdbdc5f-efdb-4d8c-8ce8-a25efb8bb75e|cccd6c4e-9777-4673-b386-12b85bf97378|26/13/2016|20:41:21|2546.1763240619816|None
ad9bdab3-d3ab-4f12-b076-c9c0cbc661ad|1cdbdc5f-efdb-4d8c-8ce8-a25efb8bb75e|922639bb-81d1-4b48-85cf-2dbc9f6ccf8b|26/13/2016|20:41:21|2546.1763240619816|None
f6cfc960-61ab-4cc9-9ef0-9612e4a34212|1cdbdc5f-efdb-4d8c-8ce8-a25efb8bb75e|a7032b76-cb4e-4242-a793-281fe0bffd91|26/13/2016|20:41:21|2546.1763240619816|None
064615e2-d86c-49f7-82d9-c7c76cb95c3a|0fe18fbd-1de2-46ed-80bd-d24dbf233590|42789e71-50a4-4105-bea5-96b4b9b94c6a|26/13/2016|20:41:21|2546.1763240619816|None
0248574a-f35e-4636-b71a-9faec0fa9efe|0fe18fbd-1de2-46ed-80bd-d24dbf233590|3ad53189-f52c-4392-a1b2-c554d7a605c4|26/13/2016|20:41:21|2546.1763240619816|None
83ae3432-c65a-4f9c-8976-376012572740|0fe18fbd-1de2-46ed-80bd-d24dbf233590|cd4aed0c-1d2e-4e05-9c27-f21dad8edb3e|26/13/2016|20:41:21|2546.1763240619816|None
b4fabff1-b403-46c6-9094-7e860e9bf1cf|0fe18fbd-1de2-46ed-80bd-d24dbf233590|df0c7b13-07a3-425e-b307-3d9db89c7bc7|26/13/2016|20:41:21|2546.1763240619816|None
99b726e4-96be-4706-96db-f5aa83afe65d|0fe18fbd-1de2-46ed-80bd-d24dbf233590|f7a5c449-f689-45fe-a7bd-0c5980046dc8|26/13/2016|20:41:21|2546.1763240619816|None
6be6f5bd-7609-4d42-b1a1-481e5472f53b|0fe18fbd-1de2-46ed-80bd-d24dbf233590|cccd6c4e-9777-4673-b386-12b85bf97378|26/13/2016|20:41:21|2546.1763240619816|None
e93ef881-2487-4845-a8a6-dda630ea6389|0fe18fbd-1de2-46ed-80bd-d24dbf233590|922639bb-81d1-4b48-85cf-2dbc9f6ccf8b|26/13/2016|20:41:21|2546.1763240619816|None
9ae1e7dc-42cb-444f-8e51-3c82dac2f95a|0fe18fbd-1de2-46ed-80bd-d24dbf233590|a7032b76-cb4e-4242-a793-281fe0bffd91|26/13/2016|20:41:21|2546.1763240619816|None
b1d7a350-86cb-49ed-b970-d98ad03ff69d|42789e71-50a4-4105-bea5-96b4b9b94c6a|9996cb80-3965-45b4-9ab8-6c959aa48c28|26/13/2016|19:25:43|7638.528972185945|None
d9fae0b0-d20e-4c64-9888-04b0de7ddae1|3ad53189-f52c-4392-a1b2-c554d7a605c4|9996cb80-3965-45b4-9ab8-6c959aa48c28|26/13/2016|17:25:18|7638.528972185945|None
05bb5cc7-b9d0-4219-93be-92ebf0e57b95|cd4aed0c-1d2e-4e05-9c27-f21dad8edb3e|9996cb80-3965-45b4-9ab8-6c959aa48c28|26/13/2016|17:31:40|7638.528972185945|None
5cb52e22-c7c3-4a8d-aa3e-4cd332a6d76b|df0c7b13-07a3-425e-b307-3d9db89c7bc7|9996cb80-3965-45b4-9ab8-6c959aa48c28|26/13/2016|17:17:24|7638.528972185945|None
8b81b2c9-5974-4052-aefb-2e5d61f9d3e2|f7a5c449-f689-45fe-a7bd-0c5980046dc8|9996cb80-3965-45b4-9ab8-6c959aa48c28|26/13/2016|22:40:07|7638.528972185945|None
0a109194-c157-4157-8205-689542ce2371|cccd6c4e-9777-4673-b386-12b85bf97378|9996cb80-3965-45b4-9ab8-6c959aa48c28|26/13/2016|09:20:02|7638.528972185945|None
1ad57f3c-6df5-44fc-a4aa-e4c8fcddf992|922639bb-81d1-4b48-85cf-2dbc9f6ccf8b|9996cb80-3965-45b4-9ab8-6c959aa48c28|26/13/2016|19:12:40|7638.528972185945|TOP
9f20728e-3b51-45f2-8a4b-73ca3b0cfa70|a7032b76-cb4e-4242-a793-281fe0bffd91|9996cb80-3965-45b4-9ab8-6c959aa48c28|26/13/2016|19:32:00|7638.528972185945|None
6c499b93-c3f5-4d6d-aa57-5279e38983ae|4875fe81-1c62-414a-833b-de4d4f750f3e|06ee5879-9359-439d-86e2-dd18496532ce|05/01/2017|15:47:07|13175.783037936979|None
0a9b85f4-4200-4d52-bf2f-89b4d827d195|4875fe81-1c62-414a-833b-de4d4f750f3e|6bb52161-fd07-483b-8ec6-bdb34597e5c4|06/01/2017|15:47:58|13175.783037936979|MWK
17105475-7c62-445f-8b28-df27b51ed484|4875fe81-1c62-414a-833b-de4d4f750f3e|084b0863-47c4-4260-b23a-c1919afff12a|07/01/2017|15:47:58|13175.783037936979|None
d22ed369-3910-4f63-96bb-a39a9fd46f60|4875fe81-1c62-414a-833b-de4d4f750f3e|b379c60d-4ff5-4491-9d01-770ac42a885c|08/01/2017|15:47:58|13175.783037936979|None
ddb54afb-cacb-4e22-957b-9130ce8f6949|06ee5879-9359-439d-86e2-dd18496532ce|3ad53189-f52c-4392-a1b2-c554d7a605c4|09/01/2017|15:47:58|2017.9262767666296|None
323d7b61-8e96-4ea7-9371-912a994efc6e|06ee5879-9359-439d-86e2-dd18496532ce|19a45065-b81c-4777-96c7-d2ae529c281d|10/01/2017|15:47:58|2017.9262767666296|None
3a723aa5-1346-41dc-a229-05c8c5ae41b9|06ee5879-9359-439d-86e2-dd18496532ce|db764ec2-70f2-47d3-bb6f-ad838ae546fe|11/01/2017|15:47:58|2017.9262767666296|None
f91425f4-e712-46e3-96a2-cef0e0d7e239|06ee5879-9359-439d-86e2-dd18496532ce|f7a5c449-f689-45fe-a7bd-0c5980046dc8|12/01/2017|15:47:58|2017.9262767666296|None
cd475977-b7bc-4e14-83dc-ab59f6e9b737|06ee5879-9359-439d-86e2-dd18496532ce|c1d033d1-a78b-4e6b-bc90-81db58d80481|13/01/2017|15:47:58|2017.9262767666296|None
196cd991-409d-440e-a409-5eb344e5a887|06ee5879-9359-439d-86e2-dd18496532ce|7ee920ea-21f9-4543-9ead-65b144b2ea75|14/01/2017|15:47:58|2017.9262767666296|None
6e79f012-96db-46e0-abbb-5b3f9fa7603a|6bb52161-fd07-483b-8ec6-bdb34597e5c4|3ad53189-f52c-4392-a1b2-c554d7a605c4|15/01/2017|15:47:58|2017.9262767666296|None
1d6f0f40-d292-40c7-9ea5-74929deb2419|6bb52161-fd07-483b-8ec6-bdb34597e5c4|19a45065-b81c-4777-96c7-d2ae529c281d|16/01/2017|15:47:58|2017.9262767666296|None
951aea79-1e61-498c-990f-f059c7d9f613|6bb52161-fd07-483b-8ec6-bdb34597e5c4|db764ec2-70f2-47d3-bb6f-ad838ae546fe|17/01/2017|15:47:58|2017.9262767666296|None
7993aa8f-be2f-4326-aa37-e8f220a618a3|6bb52161-fd07-483b-8ec6-bdb34597e5c4|f7a5c449-f689-45fe-a7bd-0c5980046dc8|18/01/2017|15:47:58|2017.9262767666296|None
b2627e82-35d0-41e2-9568-726e121cf91e|6bb52161-fd07-483b-8ec6-bdb34597e5c4|c1d033d1-a78b-4e6b-bc90-81db58d80481|19/01/2017|15:47:58|2017.9262767666296|SLL
c7dd4c9f-ecf2-4469-886e-2589c12f7462|6bb52161-fd07-483b-8ec6-bdb34597e5c4|7ee920ea-21f9-4543-9ead-65b144b2ea75|20/01/2017|15:47:58|2017.9262767666296|None
44084081-758f-4326-847f-a4dc6495c914|084b0863-47c4-4260-b23a-c1919afff12a|3ad53189-f52c-4392-a1b2-c554d7a605c4|21/01/2017|15:47:58|2017.9262767666296|None
93787535-9df3-4d94-b001-e1bb78701b91|084b0863-47c4-4260-b23a-c1919afff12a|19a45065-b81c-4777-96c7-d2ae529c281d|22/01/2017|15:47:58|2017.9262767666296|None
e8f713f3-be8a-4c70-81c0-f4599a3dd7ac|084b0863-47c4-4260-b23a-c1919afff12a|db764ec2-70f2-47d3-bb6f-ad838ae546fe|23/01/2017|15:47:58|2017.9262767666296|None
a5ea49bd-f42d-419b-af56-91155b7e40ce|084b0863-47c4-4260-b23a-c1919afff12a|f7a5c449-f689-45fe-a7bd-0c5980046dc8|24/01/2017|15:47:58|2017.9262767666296|TWD
d2fa667b-4a6e-4023-81d6-93fcebdd1407|084b0863-47c4-4260-b23a-c1919afff12a|c1d033d1-a78b-4e6b-bc90-81db58d80481|25/01/2017|15:47:58|2017.9262767666296|UZS
70878c13-fdc9-4bd6-865a-e1331bb65f8a|084b0863-47c4-4260-b23a-c1919afff12a|7ee920ea-21f9-4543-9ead-65b144b2ea75|26/01/2017|15:47:58|2017.9262767666296|STD
a4e077c1-4d1d-4229-b534-4e4559c307c6|b379c60d-4ff5-4491-9d01-770ac42a885c|3ad53189-f52c-4392-a1b2-c554d7a605c4|27/01/2017|15:47:58|2017.9262767666296|XXX
c29f3557-ccaa-45c4-8800-dcca7e7dcc78|b379c60d-4ff5-4491-9d01-770ac42a885c|19a45065-b81c-4777-96c7-d2ae529c281d|27/01/2017|15:47:58|2017.9262767666296|None
e7dc8c2a-13fd-4a09-84d4-084e796c8c88|b379c60d-4ff5-4491-9d01-770ac42a885c|db764ec2-70f2-47d3-bb6f-ad838ae546fe|27/01/2017|15:47:58|2017.9262767666296|None
427aad16-5e78-465d-b9f0-dafc431b957f|b379c60d-4ff5-4491-9d01-770ac42a885c|f7a5c449-f689-45fe-a7bd-0c5980046dc8|27/01/2017|15:47:58|2017.9262767666296|None
babf4fad-122a-41e4-a658-04bbe451e4ee|b379c60d-4ff5-4491-9d01-770ac42a885c|c1d033d1-a78b-4e6b-bc90-81db58d80481|27/01/2017|15:47:58|2017.9262767666296|None
0b0360fb-90a7-49bf-b0a7-4d86cba5e2d1|b379c60d-4ff5-4491-9d01-770ac42a885c|7ee920ea-21f9-4543-9ead-65b144b2ea75|27/01/2017|15:47:58|2017.9262767666296|None
ee9a7808-c687-433a-bd6c-4f406f319833|3ad53189-f52c-4392-a1b2-c554d7a605c4|46a31561-26b6-468b-83eb-e57f04465466|27/01/2017|07:42:28|8071.705107066518|HRK
d8d4e088-abc2-4ceb-8065-dc54b907f9db|19a45065-b81c-4777-96c7-d2ae529c281d|46a31561-26b6-468b-83eb-e57f04465466|27/01/2017|04:32:56|8071.705107066518|None
99abaf06-c0be-49bc-a8f0-d4df898b0981|db764ec2-70f2-47d3-bb6f-ad838ae546fe|46a31561-26b6-468b-83eb-e57f04465466|27/01/2017|14:01:45|8071.705107066518|None
15be6839-15b0-414b-89ca-58acd429279b|f7a5c449-f689-45fe-a7bd-0c5980046dc8|46a31561-26b6-468b-83eb-e57f04465466|27/01/2017|15:23:14|8071.705107066518|None
8fe647dd-532f-4300-92c8-f481cfac8123|c1d033d1-a78b-4e6b-bc90-81db58d80481|46a31561-26b6-468b-83eb-e57f04465466|27/01/2017|01:57:09|8071.705107066518|None
a6921217-9afb-484d-9ba6-d60bca787d70|7ee920ea-21f9-4543-9ead-65b144b2ea75|46a31561-26b6-468b-83eb-e57f04465466|27/01/2017|01:59:40|8071.705107066518|MUR
f015d791-4aa6-4b3d-ad27-141481e73de7|430c47aa-7f23-448e-a152-436a847474df|558b312f-ef63-4a3f-9384-dc5246b8afb3|05/17/2015|18:27:55|11715.751039094921|None
d49411a7-bff9-4edd-af4b-d0d4360254cd|430c47aa-7f23-448e-a152-436a847474df|648e137a-2cb8-470d-8614-c136ede06350|06/17/2015|19:59:55|11715.751039094921|None
055e52dd-f5fa-41ac-8df1-a0427fd7df3b|558b312f-ef63-4a3f-9384-dc5246b8afb3|06788683-5a1d-467f-96de-dc4e70bdbe70|07/17/2015|20:59:55|2196.2475530362985|None
c1062819-5c20-4a52-ae77-48fff6964dc4|558b312f-ef63-4a3f-9384-dc5246b8afb3|db764ec2-70f2-47d3-bb6f-ad838ae546fe|08/17/2015|21:59:55|2196.2475530362985|None
c3372138-d34c-41b2-aeb3-6c13ecf8001b|558b312f-ef63-4a3f-9384-dc5246b8afb3|b65cb11c-b23e-438f-871d-ffaacec0e7bf|09/17/2015|22:59:55|2196.2475530362985|None
a507451d-fb50-435e-86bd-ea1fe142db2c|558b312f-ef63-4a3f-9384-dc5246b8afb3|922639bb-81d1-4b48-85cf-2dbc9f6ccf8b|10/17/2015|23:59:55|2196.2475530362985|None
856c9d57-7bbe-498a-bddc-bcccdd086416|558b312f-ef63-4a3f-9384-dc5246b8afb3|dbf57159-e26f-4e37-8ceb-c4b7f04178e9|11/17/2015|23:59:55|2196.2475530362985|None
096dd92d-830a-4449-83ea-bfaf51323096|648e137a-2cb8-470d-8614-c136ede06350|06788683-5a1d-467f-96de-dc4e70bdbe70|12/17/2015|23:59:55|2196.2475530362985|None
2ea348e1-edd4-4e77-97b2-8c3aed96472e|648e137a-2cb8-470d-8614-c136ede06350|db764ec2-70f2-47d3-bb6f-ad838ae546fe|13/17/2015|23:59:55|2196.2475530362985|None
a93fea3a-5d09-4157-a4c8-3dc3981e5476|648e137a-2cb8-470d-8614-c136ede06350|b65cb11c-b23e-438f-871d-ffaacec0e7bf|14/17/2015|23:59:55|2196.2475530362985|None
241f3949-1728-46bc-8908-2763ab1f085d|648e137a-2cb8-470d-8614-c136ede06350|922639bb-81d1-4b48-85cf-2dbc9f6ccf8b|15/17/2015|23:59:55|2196.2475530362985|None
96486279-71ae-4110-a81d-7bd3be7bba47|648e137a-2cb8-470d-8614-c136ede06350|dbf57159-e26f-4e37-8ceb-c4b7f04178e9|16/17/2015|23:59:55|2196.2475530362985|None
d761fed5-a0db-47fe-ab18-0c3dac47a891|06788683-5a1d-467f-96de-dc4e70bdbe70|39be24d0-b03f-41d5-8ec6-b524540394dd|17/17/2015|22:40:16|4392.495106072597|None
70cf8b30-76e9-4b41-b28c-8db5b5ede750|db764ec2-70f2-47d3-bb6f-ad838ae546fe|39be24d0-b03f-41d5-8ec6-b524540394dd|18/17/2015|03:28:22|4392.495106072597|UYI
d42ed229-e6fc-4a43-85a4-089655b30959|b65cb11c-b23e-438f-871d-ffaacec0e7bf|39be24d0-b03f-41d5-8ec6-b524540394dd|19/17/2015|04:30:28|4392.495106072597|None
abb4ea6a-3bd7-497b-bd4e-53c451c81ea3|922639bb-81d1-4b48-85cf-2dbc9f6ccf8b|39be24d0-b03f-41d5-8ec6-b524540394dd|20/17/2015|06:43:16|4392.495106072597|None
76b0e86b-4632-4748-af4d-ba57e39d69d6|dbf57159-e26f-4e37-8ceb-c4b7f04178e9|39be24d0-b03f-41d5-8ec6-b524540394dd|21/17/2015|15:59:44|4392.495106072597|None
bedc8330-b583-4b80-ae4e-a4c25f01a999|d7181a3f-af02-409d-bbdf-00bb874f2ced|b7aac3b8-d933-467c-a888-5234e62db0b7|05/11/2015|05:29:31|7589.76277332995|None
f341a318-1988-402e-ac90-85ad99c3c5f5|d7181a3f-af02-409d-bbdf-00bb874f2ced|aa1f2cc7-084e-41fd-90bb-3d508591238f|08/11/2015|10:55:31|7589.76277332995|COU
a0c5dab8-b1c9-45c2-8bbb-a885d06e16e9|d7181a3f-af02-409d-bbdf-00bb874f2ced|4875fe81-1c62-414a-833b-de4d4f750f3e|11/11/2015|15:55:31|7589.76277332995|None
0ee5b0df-49d1-4369-af48-c2a89439bca5|d7181a3f-af02-409d-bbdf-00bb874f2ced|8a251b0e-ac6c-41fd-879b-48eda4036e95|14/11/2015|20:55:31|7589.76277332995|None
5f805856-7ecb-4303-8450-21c4b4369aa8|d7181a3f-af02-409d-bbdf-00bb874f2ced|46a31561-26b6-468b-83eb-e57f04465466|17/11/2015|20:55:31|7589.76277332995|None
6cbd3f3d-aad1-4b21-993b-d354de1e6f8d|d7181a3f-af02-409d-bbdf-00bb874f2ced|084b0863-47c4-4260-b23a-c1919afff12a|20/11/2015|20:55:31|7589.76277332995|None
1c9f3663-4b27-4d2f-ac57-b86b3a573ca9|d7181a3f-af02-409d-bbdf-00bb874f2ced|9b34e345-80f9-4f11-af37-26d4113be8e9|23/11/2015|20:55:31|7589.76277332995|None
0f194677-e61a-4b2b-97a1-ca34b4550e21|b7aac3b8-d933-467c-a888-5234e62db0b7|315fb7e2-7787-403c-a36e-9edae7089d95|26/11/2015|20:55:31|2362.0550901037964|None
a332d422-786a-4dac-af3a-25e26bfe60a5|b7aac3b8-d933-467c-a888-5234e62db0b7|c1d033d1-a78b-4e6b-bc90-81db58d80481|26/11/2015|20:55:31|2362.0550901037964|CUP
3ca4d16c-ffcf-4efa-93e7-ebf1fe7550ce|b7aac3b8-d933-467c-a888-5234e62db0b7|b4f14ca7-3a75-4c09-a66b-f68143a5763b|26/11/2015|20:55:31|2362.0550901037964|CUP
f61a4631-d218-4713-a9d0-47753d3e3cce|aa1f2cc7-084e-41fd-90bb-3d508591238f|315fb7e2-7787-403c-a36e-9edae7089d95|26/11/2015|20:55:31|2362.0550901037964|None
34f25ae9-0a4b-45f0-9bdc-37e5cba8a4f5|aa1f2cc7-084e-41fd-90bb-3d508591238f|c1d033d1-a78b-4e6b-bc90-81db58d80481|26/11/2015|20:55:31|2362.0550901037964|None
36695136-e401-4b43-9218-5d2348cd4642|aa1f2cc7-084e-41fd-90bb-3d508591238f|b4f14ca7-3a75-4c09-a66b-f68143a5763b|26/11/2015|20:55:31|2362.0550901037964|None
9db701ea-2eaf-4b73-b8c3-3ef50888f97d|4875fe81-1c62-414a-833b-de4d4f750f3e|315fb7e2-7787-403c-a36e-9edae7089d95|26/11/2015|20:55:31|2362.0550901037964|GHS
cd395607-0857-442c-9dae-36fae9c07610|4875fe81-1c62-414a-833b-de4d4f750f3e|c1d033d1-a78b-4e6b-bc90-81db58d80481|26/11/2015|20:55:31|2362.0550901037964|None
93be1818-8804-4458-a23a-347551065958|4875fe81-1c62-414a-833b-de4d4f750f3e|b4f14ca7-3a75-4c09-a66b-f68143a5763b|26/11/2015|20:55:31|2362.0550901037964|None
f562e1e0-6532-4790-a335-405c076dddf2|8a251b0e-ac6c-41fd-879b-48eda4036e95|315fb7e2-7787-403c-a36e-9edae7089d95|26/11/2015|20:55:31|2362.0550901037964|TJS
a988eda9-87bb-4341-9946-1bf33d81f384|8a251b0e-ac6c-41fd-879b-48eda4036e95|c1d033d1-a78b-4e6b-bc90-81db58d80481|26/11/2015|20:55:31|2362.0550901037964|None
b2d87f90-f9f2-4233-8fe4-b236789fc83e|8a251b0e-ac6c-41fd-879b-48eda4036e95|b4f14ca7-3a75-4c09-a66b-f68143a5763b|26/11/2015|20:55:31|2362.0550901037964|None
0eb25f72-dee3-429d-a330-7a63fe07364f|46a31561-26b6-468b-83eb-e57f04465466|315fb7e2-7787-403c-a36e-9edae7089d95|26/11/2015|20:55:31|2362.0550901037964|None
6a5ba983-358d-4b9e-b1ba-26fdf5073137|46a31561-26b6-468b-83eb-e57f04465466|c1d033d1-a78b-4e6b-bc90-81db58d80481|26/11/2015|20:55:31|2362.0550901037964|None
b58f017a-c781-470e-9ed1-d2db9efaf91c|46a31561-26b6-468b-83eb-e57f04465466|b4f14ca7-3a75-4c09-a66b-f68143a5763b|26/11/2015|20:55:31|2362.0550901037964|None
96fd66bf-a443-4b53-b6fc-4ede8aeb8f15|084b0863-47c4-4260-b23a-c1919afff12a|315fb7e2-7787-403c-a36e-9edae7089d95|26/11/2015|20:55:31|2362.0550901037964|None
517a3adf-6528-4205-88b5-8b8f26c54794|084b0863-47c4-4260-b23a-c1919afff12a|c1d033d1-a78b-4e6b-bc90-81db58d80481|26/11/2015|20:55:31|2362.0550901037964|None
eba1baf4-119f-4500-9a2c-313a5b1fad0a|084b0863-47c4-4260-b23a-c1919afff12a|b4f14ca7-3a75-4c09-a66b-f68143a5763b|26/11/2015|20:55:31|2362.0550901037964|None
9f7701ac-d3ed-4f50-b54c-d42864e4cf18|9b34e345-80f9-4f11-af37-26d4113be8e9|315fb7e2-7787-403c-a36e-9edae7089d95|26/11/2015|20:55:31|2362.0550901037964|None
cfda320c-13fd-4efd-b211-6f97533a2d2b|9b34e345-80f9-4f11-af37-26d4113be8e9|c1d033d1-a78b-4e6b-bc90-81db58d80481|26/11/2015|20:55:31|2362.0550901037964|None
f536cd68-e119-4597-ab87-76af9e621f79|9b34e345-80f9-4f11-af37-26d4113be8e9|b4f14ca7-3a75-4c09-a66b-f68143a5763b|26/11/2015|20:55:31|2362.0550901037964|MOP
9611d4d8-3c2c-4e85-8b61-73d41e4f605a|315fb7e2-7787-403c-a36e-9edae7089d95|edb54944-c4f6-4d0d-8984-5999df05285f|26/11/2015|18:16:32|16534.385630726574|None
987d9a89-7e18-4987-a51b-83a8ed3cce3c|c1d033d1-a78b-4e6b-bc90-81db58d80481|edb54944-c4f6-4d0d-8984-5999df05285f|26/11/2015|10:55:13|16534.385630726574|None
901f59bf-d9d7-45a4-a7ab-a273801fc849|b4f14ca7-3a75-4c09-a66b-f68143a5763b|edb54944-c4f6-4d0d-8984-5999df05285f|26/11/2015|05:27:52|16534.385630726574|None
189cbfa2-f700-4e8b-b4c4-b60c1955b869|cd4aed0c-1d2e-4e05-9c27-f21dad8edb3e|873cf24c-93a4-4f72-ae66-1bb91971b34b|01/17/2017|22:36:38|12275.847116825418|None
47ab5c89-e014-4626-97e2-810197286e4c|cd4aed0c-1d2e-4e05-9c27-f21dad8edb3e|b7f8aa91-0a03-47d5-a2a9-062c492ec180|04/17/2017|22:36:38|12275.847116825418|CLF
bb8e89b4-ca09-46ee-88de-85df2fd35b3d|cd4aed0c-1d2e-4e05-9c27-f21dad8edb3e|9a871988-a569-4d82-be75-d7c57c3757c4|07/17/2017|22:36:38|12275.847116825418|None
9c65d499-dbf7-4631-9887-2a0590f2bbad|cd4aed0c-1d2e-4e05-9c27-f21dad8edb3e|6bb52161-fd07-483b-8ec6-bdb34597e5c4|10/17/2017|22:36:38|12275.847116825418|None
62c5e977-be11-42ed-986f-da9d8850c091|873cf24c-93a4-4f72-ae66-1bb91971b34b|422eb964-a5e0-4ee3-ad02-879ae02f0d73|13/17/2017|22:36:38|12279.805830409388|MXV
655b4f7b-7307-4300-88a5-9320c9a7c51c|b7f8aa91-0a03-47d5-a2a9-062c492ec180|422eb964-a5e0-4ee3-ad02-879ae02f0d73|16/17/2017|22:36:38|12279.805830409388|None
57b39b08-233e-4524-9a9e-fb8d2dca9838|9a871988-a569-4d82-be75-d7c57c3757c4|422eb964-a5e0-4ee3-ad02-879ae02f0d73|19/17/2017|22:36:38|12279.805830409388|None
856638a2-7b77-4a5f-b1bd-3062f32aab0b|6bb52161-fd07-483b-8ec6-bdb34597e5c4|422eb964-a5e0-4ee3-ad02-879ae02f0d73|22/17/2017|22:36:38|12279.805830409388|None
bf1d4eca-a40c-41f0-924b-d370f04df18a|422eb964-a5e0-4ee3-ad02-879ae02f0d73|410f452b-d095-4efe-b142-e0bc5a3f21c7|25/17/2017|22:36:38|8190.91525575944|None
f38f08a9-e50d-4bee-8daf-2f61dd38ca53|422eb964-a5e0-4ee3-ad02-879ae02f0d73|db764ec2-70f2-47d3-bb6f-ad838ae546fe|25/17/2017|22:36:38|8190.91525575944|None
57c8a346-481a-4678-aaba-cd1d699abc4d|422eb964-a5e0-4ee3-ad02-879ae02f0d73|fbf3be77-1385-4d59-b333-5310953d1716|25/17/2017|22:36:38|8190.91525575944|None
a3907154-ed04-4413-a303-a70094fc83d6|422eb964-a5e0-4ee3-ad02-879ae02f0d73|7ee920ea-21f9-4543-9ead-65b144b2ea75|25/17/2017|22:36:38|8190.91525575944|None
1875d192-203e-4724-b38f-b5522a164b0c|422eb964-a5e0-4ee3-ad02-879ae02f0d73|7434b287-b23c-4827-a885-88b24a185863|25/17/2017|22:36:38|8190.91525575944|None
2a5153cb-3f1c-4b39-9345-45807f4b94f7|422eb964-a5e0-4ee3-ad02-879ae02f0d73|50d19235-eaa1-4b21-9881-270b8a17f53b|25/17/2017|22:36:38|8190.91525575944|None
09ce6d78-2dc6-40f6-a465-593989242fb2|410f452b-d095-4efe-b142-e0bc5a3f21c7|05c918cc-f1e2-4ac8-89f8-7c6abf4c61f6|25/17/2017|22:36:38|4053.5974820084757|None
c7f4441d-276a-443b-8a2d-6fcae1827817|410f452b-d095-4efe-b142-e0bc5a3f21c7|648e137a-2cb8-470d-8614-c136ede06350|25/17/2017|22:36:38|4053.5974820084757|EUR
9ea5b0bb-c965-4a6e-ac16-7dd7d42b8464|db764ec2-70f2-47d3-bb6f-ad838ae546fe|05c918cc-f1e2-4ac8-89f8-7c6abf4c61f6|25/17/2017|22:36:38|4053.5974820084757|None
dad513fb-8275-464d-ac44-1c1b0bd5f57d|db764ec2-70f2-47d3-bb6f-ad838ae546fe|648e137a-2cb8-470d-8614-c136ede06350|25/17/2017|22:36:38|4053.5974820084757|None
d874b12a-a72c-42ff-ba9c-d04a03471f31|fbf3be77-1385-4d59-b333-5310953d1716|05c918cc-f1e2-4ac8-89f8-7c6abf4c61f6|25/17/2017|22:36:38|4053.5974820084757|COP
a8970993-873d-4946-8b1f-0ffdfb5f3eed|fbf3be77-1385-4d59-b333-5310953d1716|648e137a-2cb8-470d-8614-c136ede06350|25/17/2017|22:36:38|4053.5974820084757|None
5cef48f6-7de5-4ad9-b1f6-9dd7d84c1995|7ee920ea-21f9-4543-9ead-65b144b2ea75|05c918cc-f1e2-4ac8-89f8-7c6abf4c61f6|25/17/2017|22:36:38|4053.5974820084757|None
ed24db24-5425-42b0-91c1-3ecfa7b151c1|7ee920ea-21f9-4543-9ead-65b144b2ea75|648e137a-2cb8-470d-8614-c136ede06350|25/17/2017|22:36:38|4053.5974820084757|None
b58a9adc-b3d4-428f-a900-f95d0950bc73|7434b287-b23c-4827-a885-88b24a185863|05c918cc-f1e2-4ac8-89f8-7c6abf4c61f6|25/17/2017|22:36:38|4053.5974820084757|None
d71d3a42-af5f-423b-adf2-a3e697a2fdf6|7434b287-b23c-4827-a885-88b24a185863|648e137a-2cb8-470d-8614-c136ede06350|25/17/2017|22:36:38|4053.5974820084757|None
fca76311-0f35-474d-91f3-06a6bb9bf880|50d19235-eaa1-4b21-9881-270b8a17f53b|05c918cc-f1e2-4ac8-89f8-7c6abf4c61f6|25/17/2017|22:36:38|4053.5974820084757|None
4aad9d7a-9eea-476e-8aa4-7675b050351d|50d19235-eaa1-4b21-9881-270b8a17f53b|648e137a-2cb8-470d-8614-c136ede06350|25/17/2017|22:36:38|4053.5974820084757|None
2808a08a-8787-42cb-8b38-81eac7e115bd|05c918cc-f1e2-4ac8-89f8-7c6abf4c61f6|f47f1d35-c400-4675-b09c-2f3b2d4ef432|25/17/2017|10:27:12|24321.584892050854|None
3294ec84-9733-4b50-a456-b8564817db44|648e137a-2cb8-470d-8614-c136ede06350|f47f1d35-c400-4675-b09c-2f3b2d4ef432|25/17/2017|08:49:37|24321.584892050854|None
82a4c9ce-6b3a-4513-b87a-a5e3200977e6|cd4aed0c-1d2e-4e05-9c27-f21dad8edb3e|4875fe81-1c62-414a-833b-de4d4f750f3e|07/04/2016|09:32:50|46412.298149554495|None
b3b43331-4a03-44b4-bf6f-6795bd2df8f4|4875fe81-1c62-414a-833b-de4d4f750f3e|21bea448-4f89-4609-831e-36136edecb27|07/04/2016|16:32:50|46416.91921430406|None
b5d5257b-a91e-4192-9277-6cc377230ba3|21bea448-4f89-4609-831e-36136edecb27|966e1bd1-2ad7-4ae0-957c-dc2c4d9e3350|07/04/2016|23:32:50|23214.500506327517|None
07609045-baea-4c80-bec1-1afb81083189|21bea448-4f89-4609-831e-36136edecb27|53b4795a-44ef-4506-9420-db88500094c7|07/04/2016|23:32:50|23214.500506327517|None
98e94bfa-09b9-4130-a7cb-178d5da6ca2a|966e1bd1-2ad7-4ae0-957c-dc2c4d9e3350|9306eb53-68b8-4ef7-b53f-6fc8e2f29e1b|07/04/2016|23:32:50|5806.03744690887|None
241ca0ab-8d9d-4af7-a952-131205aeec60|966e1bd1-2ad7-4ae0-957c-dc2c4d9e3350|05c918cc-f1e2-4ac8-89f8-7c6abf4c61f6|07/04/2016|23:32:50|5806.03744690887|None
e85a19f8-a098-492b-a661-b85e2d2367b5|966e1bd1-2ad7-4ae0-957c-dc2c4d9e3350|19a45065-b81c-4777-96c7-d2ae529c281d|07/04/2016|23:32:50|5806.03744690887|XCD
3536c4af-3492-4ef2-ab2b-e4c7859eb8d8|966e1bd1-2ad7-4ae0-957c-dc2c4d9e3350|df0c7b13-07a3-425e-b307-3d9db89c7bc7|07/04/2016|23:32:50|5806.03744690887|None
60ef8d6d-de4a-4465-a13e-7d29fbb887dd|53b4795a-44ef-4506-9420-db88500094c7|9306eb53-68b8-4ef7-b53f-6fc8e2f29e1b|07/04/2016|23:32:50|5806.03744690887|HTG
5b1baaa1-4cba-4101-9fbc-66582b7198c3|53b4795a-44ef-4506-9420-db88500094c7|05c918cc-f1e2-4ac8-89f8-7c6abf4c61f6|07/04/2016|23:32:50|5806.03744690887|XPF
d8a493b9-fbc6-47b1-9b62-20e330fec52e|53b4795a-44ef-4506-9420-db88500094c7|19a45065-b81c-4777-96c7-d2ae529c281d|07/04/2016|23:32:50|5806.03744690887|None
3e1320d7-0fcc-4175-90bf-428f3fa15b95|53b4795a-44ef-4506-9420-db88500094c7|df0c7b13-07a3-425e-b307-3d9db89c7bc7|07/04/2016|23:32:50|5806.03744690887|None
fd06f7ab-6cac-4019-966a-c21fe2ff69c0|9306eb53-68b8-4ef7-b53f-6fc8e2f29e1b|dbf57159-e26f-4e37-8ceb-c4b7f04178e9|07/04/2016|23:32:50|5809.041757130587|None
2c51953c-22a6-48b5-bbc0-43ee5702ea66|9306eb53-68b8-4ef7-b53f-6fc8e2f29e1b|4ad8a20d-bbc0-4546-8123-b3481dc7f2d8|07/04/2016|23:32:50|5809.041757130587|None
103ad13b-5327-4c26-8bac-007f6d9655aa|05c918cc-f1e2-4ac8-89f8-7c6abf4c61f6|dbf57159-e26f-4e37-8ceb-c4b7f04178e9|07/04/2016|23:32:50|5809.041757130587|None
dc0033d3-9977-4fc1-b4ce-3423896266b4|05c918cc-f1e2-4ac8-89f8-7c6abf4c61f6|4ad8a20d-bbc0-4546-8123-b3481dc7f2d8|07/04/2016|23:32:50|5809.041757130587|None
6321fe32-3714-48b7-93b4-aa6307e9cf00|19a45065-b81c-4777-96c7-d2ae529c281d|dbf57159-e26f-4e37-8ceb-c4b7f04178e9|07/04/2016|23:32:50|5809.041757130587|None
23b790aa-d658-4874-9dae-5538fea2939b|19a45065-b81c-4777-96c7-d2ae529c281d|4ad8a20d-bbc0-4546-8123-b3481dc7f2d8|07/04/2016|23:32:50|5809.041757130587|None
7e77d28b-cd60-4b09-b12f-bb14c67e27de|df0c7b13-07a3-425e-b307-3d9db89c7bc7|dbf57159-e26f-4e37-8ceb-c4b7f04178e9|07/04/2016|23:32:50|5809.041757130587|None
be8a5bbd-680f-41fc-b5c4-82f9a341f005|df0c7b13-07a3-425e-b307-3d9db89c7bc7|4ad8a20d-bbc0-4546-8123-b3481dc7f2d8|07/04/2016|23:32:50|5809.041757130587|None
342bfa4a-1177-4f88-b6f4-593fbf198468|dbf57159-e26f-4e37-8ceb-c4b7f04178e9|899da0ec-347b-4eda-84b8-b39be8fb9b85|07/04/2016|23:32:50|4580.622509487536|None
2112c77c-a685-43ef-ae4c-8ba4e6d5ca45|dbf57159-e26f-4e37-8ceb-c4b7f04178e9|8a251b0e-ac6c-41fd-879b-48eda4036e95|07/04/2016|23:32:50|4580.622509487536|PLN
22b558cc-e553-4c79-b1b1-1a143d87319c|dbf57159-e26f-4e37-8ceb-c4b7f04178e9|8ec8b59e-15f5-457c-bbc5-9e7f2ac0b3d2|07/04/2016|23:32:50|4580.622509487536|None
138ff05c-d202-4fd3-b25d-4738d1c81b2c|dbf57159-e26f-4e37-8ceb-c4b7f04178e9|3ad53189-f52c-4392-a1b2-c554d7a605c4|07/04/2016|23:32:50|4580.622509487536|VEF
cdfc6e40-7267-41db-809c-2a2de9c8bab3|dbf57159-e26f-4e37-8ceb-c4b7f04178e9|48a15c3e-9aab-4da8-875c-ff814b4fcac5|07/04/2016|23:32:50|4580.622509487536|None
ad245565-ab07-4201-9697-0c3ef6822ba6|4ad8a20d-bbc0-4546-8123-b3481dc7f2d8|899da0ec-347b-4eda-84b8-b39be8fb9b85|07/04/2016|23:32:50|4580.622509487536|PEN
9fbd30da-7be1-4ee1-9cca-ef4b62aa14b5|4ad8a20d-bbc0-4546-8123-b3481dc7f2d8|8a251b0e-ac6c-41fd-879b-48eda4036e95|07/04/2016|23:32:50|4580.622509487536|JMD
9d203ecd-606f-4944-b0fa-bc174262cbb7|4ad8a20d-bbc0-4546-8123-b3481dc7f2d8|8ec8b59e-15f5-457c-bbc5-9e7f2ac0b3d2|07/04/2016|23:32:50|4580.622509487536|None
fa6d4127-c007-46e8-85ce-3cd50a64dc91|4ad8a20d-bbc0-4546-8123-b3481dc7f2d8|3ad53189-f52c-4392-a1b2-c554d7a605c4|07/04/2016|23:32:50|4580.622509487536|None
85d90dbb-b3e1-4ef8-9f21-4b21241a5a4e|4ad8a20d-bbc0-4546-8123-b3481dc7f2d8|48a15c3e-9aab-4da8-875c-ff814b4fcac5|07/04/2016|23:32:50|4580.622509487536|GTQ
9697a362-d637-46bc-b6c6-22b86d0a53f7|899da0ec-347b-4eda-84b8-b39be8fb9b85|74e8a0ba-edcb-4232-bb74-38063f3a701e|07/04/2016|02:17:05|9161.245018975073|None
a6f8f028-9940-4fee-86e4-b5fcf4d55a96|8a251b0e-ac6c-41fd-879b-48eda4036e95|74e8a0ba-edcb-4232-bb74-38063f3a701e|07/04/2016|16:57:58|9161.245018975073|AMD
06c83557-d460-49d7-987f-d9cfad0bc039|8ec8b59e-15f5-457c-bbc5-9e7f2ac0b3d2|74e8a0ba-edcb-4232-bb74-38063f3a701e|07/04/2016|09:33:27|9161.245018975073|None
9ab30adb-2577-4706-8e11-3ad7354507f3|3ad53189-f52c-4392-a1b2-c554d7a605c4|74e8a0ba-edcb-4232-bb74-38063f3a701e|07/04/2016|11:59:29|9161.245018975073|ALL
385f3fdc-577d-493c-a586-95c20c7e167f|48a15c3e-9aab-4da8-875c-ff814b4fcac5|74e8a0ba-edcb-4232-bb74-38063f3a701e|07/04/2016|13:42:41|9161.245018975073|None
